    contract_key,contract_id,installer_key,customer_key,status,financing_option,country,region,term_months,interest_rate,principal_amount,origination_date
1,CON-000001,48,790,Active,Subscription,Germany,Lower Saxony,180,8.07,29233.51,04-05-2024
2,CON-000002,5,1468,Defaulted,Standard Loan,Austria,Vienna,84,6.35,24706.81,22-11-2023
3,CON-000003,6,791,Active,Subscription,Netherlands,South Holland,180,6.52,8993.02,28-03-2023
4,CON-000004,21,1315,Active,Standard Loan,Germany,Lower Saxony,180,3.85,10125.77,07-07-2024
5,CON-000005,43,985,Active,Subscription,Netherlands,North Brabant,240,4.15,23481.29,19-08-2022
6,CON-000006,11,533,Active,Subscription,Germany,Baden-Württemberg,120,7.05,25566.86,28-11-2023
7,CON-000007,32,191,Completed,Lease,Germany,Lower Saxony,120,4.51,44670.15,19-02-2024
8,CON-000008,13,431,Active,PPA,Germany,North Rhine-Westphalia,180,5.8,29316.91,02-10-2024
9,CON-000009,24,128,Active,Standard Loan,Germany,Bavaria,120,7.62,39444.22,07-12-2023
10,CON-000010,35,945,Cancelled,Standard Loan,Germany,Lower Saxony,240,4.42,29038.76,15-06-2024
11,CON-000011,44,995,Active,Subscription,Germany,Hesse,120,6.83,10469.52,17-03-2024
12,CON-000012,46,296,Completed,Standard Loan,Netherlands,North Holland,84,5.34,35949.68,03-06-2024
13,CON-000013,9,954,Active,Lease,Germany,Berlin,120,3.87,33695.97,07-01-2023
14,CON-000014,43,1387,Active,Standard Loan,Netherlands,North Brabant,120,7.05,13049.78,22-03-2022
15,CON-000015,24,1138,Active,Standard Loan,Germany,Bavaria,180,5.69,25419.15,12-10-2023
16,CON-000016,43,1028,In Arrears,PPA,Netherlands,North Brabant,120,6.17,22461.43,09-09-2022
17,CON-000017,36,1822,Active,Standard Loan,Austria,Styria,84,7.07,41029.45,30-05-2024
18,CON-000018,4,56,Active,Standard Loan,Germany,Hesse,180,7.08,41189.37,05-03-2024
19,CON-000019,1,1186,Active,Standard Loan,Germany,Bavaria,84,4.75,41623.99,29-07-2024
20,CON-000020,1,805,Completed,Standard Loan,Germany,Bavaria,180,4.6,40644.58,01-05-2024
21,CON-000021,9,1130,Cancelled,Standard Loan,Germany,Berlin,180,5.11,31191.1,13-03-2023
22,CON-000022,23,1669,Active,Standard Loan,Germany,North Rhine-Westphalia,120,4.37,22879.16,21-06-2023
23,CON-000023,24,777,Active,Lease,Germany,Bavaria,180,5.34,10491.26,18-11-2023
24,CON-000024,50,1887,Active,Standard Loan,Austria,Styria,180,8.11,29060.59,20-12-2023
25,CON-000025,18,502,Active,Lease,Germany,Bavaria,180,8.36,33667.67,14-08-2023
26,CON-000026,45,96,Active,Lease,Germany,North Rhine-Westphalia,180,3.84,8653.01,20-11-2024
27,CON-000027,39,1837,Active,Lease,Germany,Berlin,240,4.66,30804.9,12-06-2024
28,CON-000028,40,76,Active,Lease,Germany,Bavaria,84,5.99,15474.44,04-01-2023
29,CON-000029,12,1687,Active,PPA,Germany,Berlin,180,5.14,18290.68,15-08-2024
30,CON-000030,29,130,Active,Standard Loan,Germany,Hesse,180,7.25,16473.37,21-09-2024
31,CON-000031,11,1666,Defaulted,Lease,Germany,Baden-Württemberg,240,7.51,33762.29,25-11-2024
32,CON-000032,10,1397,Active,Standard Loan,Germany,Lower Saxony,180,3.85,15121.22,10-10-2022
33,CON-000033,11,1433,Active,Standard Loan,Germany,Baden-Württemberg,120,7.48,15561.81,12-09-2024
34,CON-000034,24,761,Active,Standard Loan,Germany,Bavaria,84,4.38,17211.87,27-08-2023
35,CON-000035,35,1246,Active,Lease,Germany,Lower Saxony,60,8.36,22735.05,22-09-2024
36,CON-000036,38,453,In Arrears,Lease,Netherlands,North Holland,120,7.31,23813.7,07-11-2024
37,CON-000037,9,1647,Active,Standard Loan,Germany,Berlin,120,5.03,18479.35,13-08-2023
38,CON-000038,37,750,Active,Standard Loan,Netherlands,North Holland,60,7.81,35023.64,23-12-2023
39,CON-000039,22,1537,Active,Standard Loan,Germany,Bavaria,120,5.95,31718.8,16-05-2024
40,CON-000040,47,1227,Completed,Standard Loan,Germany,Baden-Württemberg,84,7.31,43412.58,24-08-2024
41,CON-000041,37,1769,Active,Standard Loan,Netherlands,North Holland,180,6.75,42281.19,23-06-2024
42,CON-000042,3,854,Active,Standard Loan,Germany,North Rhine-Westphalia,180,6.73,17669.24,11-04-2022
43,CON-000043,33,1680,Active,Lease,Germany,Lower Saxony,60,7.35,31842.7,23-07-2023
44,CON-000044,46,734,Active,Lease,Netherlands,North Holland,180,4.33,23794.24,27-05-2023
45,CON-000045,45,979,Active,PPA,Germany,North Rhine-Westphalia,120,7.88,34923.13,23-07-2024
46,CON-000046,18,1212,In Arrears,Standard Loan,Germany,Bavaria,84,7.24,33863.33,17-08-2024
47,CON-000047,26,1452,Active,Standard Loan,Germany,Berlin,120,5.58,18668.59,21-10-2024
48,CON-000048,8,84,Active,Standard Loan,Germany,Berlin,240,5.75,38131.71,31-12-2023
49,CON-000049,10,854,Active,Lease,Germany,Lower Saxony,240,7.86,24307.03,27-04-2023
50,CON-000050,5,1624,Active,Lease,Austria,Vienna,120,5.21,29668.92,28-11-2022
51,CON-000051,6,990,Active,PPA,Netherlands,South Holland,180,7.45,9548.8,03-03-2023
52,CON-000052,21,1981,Active,Standard Loan,Germany,Lower Saxony,240,5.87,20470.11,24-06-2024
53,CON-000053,45,1796,In Arrears,PPA,Germany,North Rhine-Westphalia,84,5.31,22743.44,16-10-2024
54,CON-000054,42,1883,Active,Lease,Germany,North Rhine-Westphalia,180,7.13,40854.91,17-09-2024
55,CON-000055,44,1978,Active,PPA,Germany,Hesse,180,4.74,24720.97,29-05-2024
56,CON-000056,28,1094,Cancelled,Standard Loan,Germany,Lower Saxony,240,8.29,38066.9,29-05-2022
57,CON-000057,4,53,Completed,Standard Loan,Germany,Hesse,180,4.67,25927.84,16-08-2023
58,CON-000058,47,1696,Active,Standard Loan,Germany,Baden-Württemberg,240,7.79,41492.5,24-05-2024
59,CON-000059,8,1453,Active,Standard Loan,Germany,Berlin,180,7.08,9174.59,11-03-2024
60,CON-000060,43,1711,Active,Standard Loan,Netherlands,North Brabant,120,7.98,43336.9,23-08-2024
61,CON-000061,9,1465,Cancelled,Subscription,Germany,Berlin,60,5.67,34483.31,08-11-2024
62,CON-000062,40,863,Active,Subscription,Germany,Bavaria,180,8.26,32812.25,25-07-2023
63,CON-000063,35,1006,Active,Standard Loan,Germany,Lower Saxony,180,8.16,36354.48,23-04-2024
64,CON-000064,37,306,Active,Standard Loan,Netherlands,North Holland,180,7.43,43751.18,06-07-2024
65,CON-000065,14,363,Active,Standard Loan,Germany,Baden-Württemberg,60,7.2,42676.79,27-06-2022
66,CON-000066,21,1197,Active,PPA,Germany,Lower Saxony,120,3.51,10289.74,21-08-2024
67,CON-000067,49,1442,Active,Standard Loan,Germany,Hesse,180,8.17,12673.37,25-05-2023
68,CON-000068,1,1751,Active,Standard Loan,Germany,Bavaria,84,8.21,38977.02,24-04-2023
69,CON-000069,33,370,Active,Subscription,Germany,Lower Saxony,120,5.04,44642.4,15-03-2023
70,CON-000070,37,767,Active,PPA,Netherlands,North Holland,120,7.02,21938.22,18-01-2024
71,CON-000071,12,1502,Active,Standard Loan,Germany,Berlin,180,3.76,40020.98,04-01-2024
72,CON-000072,50,932,Active,Standard Loan,Austria,Styria,84,3.61,22514.57,03-11-2024
73,CON-000073,19,1648,Completed,Standard Loan,Germany,Hesse,120,4.92,33765.92,27-08-2022
74,CON-000074,8,1946,Active,Lease,Germany,Berlin,180,3.77,42579.29,20-03-2024
75,CON-000075,24,821,Active,Standard Loan,Germany,Bavaria,84,7.52,15239.24,04-07-2023
76,CON-000076,43,1672,Active,PPA,Netherlands,North Brabant,240,4.24,43164.73,24-05-2024
77,CON-000077,47,842,Active,Subscription,Germany,Baden-Württemberg,84,3.76,44270.24,22-05-2024
78,CON-000078,35,1344,Active,Lease,Germany,Lower Saxony,84,5.48,19199.52,22-06-2023
79,CON-000079,41,1156,Active,Standard Loan,Germany,Lower Saxony,180,7.39,40001.14,14-09-2024
80,CON-000080,36,1808,Cancelled,Standard Loan,Austria,Styria,84,4.11,31732.15,29-01-2024
81,CON-000081,32,594,Active,Lease,Germany,Lower Saxony,120,7.23,37390.72,24-07-2023
82,CON-000082,23,1191,Active,Lease,Germany,North Rhine-Westphalia,120,7.07,39901.79,14-06-2023
83,CON-000083,21,1065,Active,PPA,Germany,Lower Saxony,120,6.09,29634.7,06-11-2024
84,CON-000084,7,1594,Active,Lease,Germany,Bavaria,180,4.4,30166.8,05-09-2024
85,CON-000085,42,703,Active,PPA,Germany,North Rhine-Westphalia,120,6.76,11249.37,19-08-2022
86,CON-000086,6,1708,Active,Standard Loan,Netherlands,South Holland,120,6.22,23652.9,26-12-2023
87,CON-000087,48,1558,Cancelled,Subscription,Germany,Lower Saxony,120,6.17,13174.64,08-10-2024
88,CON-000088,33,1666,Completed,Standard Loan,Germany,Lower Saxony,180,3.72,9359.16,20-05-2023
89,CON-000089,8,975,Active,Standard Loan,Germany,Berlin,120,4.14,31025.57,31-03-2024
90,CON-000090,21,179,Active,Standard Loan,Germany,Lower Saxony,120,8.22,33031.45,31-08-2024
91,CON-000091,35,1659,Active,PPA,Germany,Lower Saxony,180,6.32,31967.53,02-12-2023
92,CON-000092,17,145,Defaulted,Lease,Germany,North Rhine-Westphalia,60,6.52,10868.41,30-03-2023
93,CON-000093,21,1009,Active,Standard Loan,Germany,Lower Saxony,120,5.17,18110.36,25-03-2024
94,CON-000094,21,1436,Defaulted,Lease,Germany,Lower Saxony,240,7.41,12569.63,20-08-2024
95,CON-000095,42,1154,Defaulted,Standard Loan,Germany,North Rhine-Westphalia,180,7.83,28407.06,02-04-2023
96,CON-000096,48,29,Defaulted,Standard Loan,Germany,Lower Saxony,180,6.89,37183.65,18-07-2023
97,CON-000097,33,1221,Active,Subscription,Germany,Lower Saxony,180,6.79,13278.8,17-07-2024
98,CON-000098,35,904,Active,Standard Loan,Germany,Lower Saxony,180,5.59,24938.1,29-01-2024
99,CON-000099,15,1729,Completed,Subscription,Germany,Berlin,240,7.91,38118.86,11-06-2024
100,CON-000100,21,1106,Active,Lease,Germany,Lower Saxony,180,3.88,16881.36,26-03-2024
101,CON-000101,6,1256,Active,Subscription,Netherlands,South Holland,180,3.55,43090.68,12-07-2024
102,CON-000102,8,592,Active,Lease,Germany,Berlin,240,7.94,33821.63,05-07-2024
103,CON-000103,46,186,Active,Subscription,Netherlands,North Holland,120,6.17,20767.24,15-11-2024
104,CON-000104,50,1520,Active,PPA,Austria,Styria,180,6.54,43691.95,19-05-2024
105,CON-000105,29,44,In Arrears,Standard Loan,Germany,Hesse,120,4.17,21071.79,12-02-2023
106,CON-000106,9,434,Completed,Standard Loan,Germany,Berlin,240,4.75,27947.43,04-11-2023
107,CON-000107,16,1280,Cancelled,Subscription,Germany,Berlin,60,6.66,22563.99,18-01-2023
108,CON-000108,28,252,In Arrears,Standard Loan,Germany,Lower Saxony,180,7.74,10127.38,12-09-2023
109,CON-000109,16,43,Active,Standard Loan,Germany,Berlin,180,4.43,21117.7,07-06-2023
110,CON-000110,6,353,Completed,Standard Loan,Netherlands,South Holland,120,8.07,8255.69,31-07-2023
111,CON-000111,25,1925,Completed,Standard Loan,Germany,Hesse,120,4.41,38027.12,01-03-2023
112,CON-000112,19,1041,Active,Standard Loan,Germany,Hesse,180,7.05,12094.63,17-06-2023
113,CON-000113,18,685,Active,Standard Loan,Germany,Bavaria,84,5.9,32613.99,25-05-2024
114,CON-000114,30,265,Active,Lease,Austria,Vienna,84,7.26,36872.49,04-03-2024
115,CON-000115,39,1208,Active,PPA,Germany,Berlin,84,4.04,8782.63,03-11-2022
116,CON-000116,12,1881,Active,Standard Loan,Germany,Berlin,120,6.49,8297.07,03-05-2024
117,CON-000117,23,143,Active,Lease,Germany,North Rhine-Westphalia,84,4.91,12255.74,09-08-2024
118,CON-000118,36,1975,Active,Subscription,Austria,Styria,180,7.55,33942.36,28-07-2024
119,CON-000119,33,413,Active,Standard Loan,Germany,Lower Saxony,84,5.51,18132.88,30-09-2023
120,CON-000120,11,861,Active,Standard Loan,Germany,Baden-Württemberg,120,5.03,31432.47,08-02-2024
121,CON-000121,25,1353,Active,Standard Loan,Germany,Hesse,60,4.05,21452.32,12-12-2023
122,CON-000122,45,418,Active,Subscription,Germany,North Rhine-Westphalia,60,7.22,15843.17,03-07-2022
123,CON-000123,6,273,In Arrears,PPA,Netherlands,South Holland,120,5.02,11584.83,11-07-2024
124,CON-000124,8,1616,Active,Lease,Germany,Berlin,120,7.39,27567.9,10-11-2024
125,CON-000125,12,6,Cancelled,Lease,Germany,Berlin,84,7.21,12453.11,04-09-2023
126,CON-000126,10,1289,In Arrears,Standard Loan,Germany,Lower Saxony,60,6.23,20687.22,14-11-2022
127,CON-000127,37,775,Completed,Lease,Netherlands,North Holland,120,7.06,40988.71,25-12-2023
128,CON-000128,18,730,Active,Subscription,Germany,Bavaria,180,8.05,10505.21,17-04-2024
129,CON-000129,27,1992,Active,Subscription,Austria,Upper Austria,120,8.34,18717.29,21-02-2024
130,CON-000130,10,1027,Completed,Standard Loan,Germany,Lower Saxony,180,7.85,43946.92,24-12-2023
131,CON-000131,41,1716,Active,Subscription,Germany,Lower Saxony,84,3.52,29160.23,03-08-2023
132,CON-000132,28,753,Active,Standard Loan,Germany,Lower Saxony,120,5.02,16152.44,01-06-2024
133,CON-000133,12,1458,Active,Subscription,Germany,Berlin,240,4.89,12919.94,17-10-2023
134,CON-000134,50,593,Active,Standard Loan,Austria,Styria,60,5.24,30390.9,15-10-2022
135,CON-000135,37,1427,In Arrears,PPA,Netherlands,North Holland,120,6.56,20011.5,26-10-2023
136,CON-000136,42,1751,In Arrears,PPA,Germany,North Rhine-Westphalia,84,8.36,27883.38,21-01-2023
137,CON-000137,41,1031,Active,Standard Loan,Germany,Lower Saxony,180,8.23,17521.77,30-11-2024
138,CON-000138,24,437,Active,Standard Loan,Germany,Bavaria,120,7.54,35857.21,02-09-2023
139,CON-000139,38,78,Active,Standard Loan,Netherlands,North Holland,60,4.41,14846.04,21-12-2023
140,CON-000140,38,297,Active,Standard Loan,Netherlands,North Holland,120,7.93,38247.47,08-09-2022
141,CON-000141,8,1662,Active,PPA,Germany,Berlin,240,8.35,11708.65,12-11-2023
142,CON-000142,33,530,Cancelled,Standard Loan,Germany,Lower Saxony,84,3.57,38729.13,01-03-2023
143,CON-000143,41,422,Active,PPA,Germany,Lower Saxony,120,7.46,8347.66,01-08-2024
144,CON-000144,43,421,Active,Standard Loan,Netherlands,North Brabant,120,6.31,24440.07,01-08-2022
145,CON-000145,4,150,Active,PPA,Germany,Hesse,120,3.61,9647.46,20-06-2024
146,CON-000146,22,151,Active,PPA,Germany,Bavaria,60,5.64,13452.93,02-12-2022
147,CON-000147,21,966,In Arrears,Standard Loan,Germany,Lower Saxony,120,8.45,16307.33,06-04-2024
148,CON-000148,5,1326,Active,Lease,Austria,Vienna,240,8.1,41136.7,28-07-2023
149,CON-000149,33,275,Active,PPA,Germany,Lower Saxony,180,6.94,31116.06,11-07-2023
150,CON-000150,14,1147,Active,Standard Loan,Germany,Baden-Württemberg,240,7.55,34318.35,17-03-2023
151,CON-000151,47,1858,In Arrears,PPA,Germany,Baden-Württemberg,84,4.24,24527.73,24-11-2024
152,CON-000152,7,1847,Active,Standard Loan,Germany,Bavaria,120,3.95,44806.55,14-11-2024
153,CON-000153,18,710,Active,Subscription,Germany,Bavaria,240,6.51,31554.35,22-06-2024
154,CON-000154,47,477,Active,Lease,Germany,Baden-Württemberg,120,6.17,27701.55,07-08-2024
155,CON-000155,22,1186,Completed,Standard Loan,Germany,Bavaria,180,4.6,11228.26,27-03-2024
156,CON-000156,25,263,Completed,Standard Loan,Germany,Hesse,60,5.25,39403.81,13-06-2022
157,CON-000157,8,1246,In Arrears,Lease,Germany,Berlin,84,7.64,10067.03,09-10-2023
158,CON-000158,21,705,In Arrears,PPA,Germany,Lower Saxony,120,7.01,32521.65,13-09-2024
159,CON-000159,3,470,Completed,Standard Loan,Germany,North Rhine-Westphalia,84,3.56,38749.52,24-07-2022
160,CON-000160,8,1327,Active,Standard Loan,Germany,Berlin,120,7.11,24427.02,06-06-2023
161,CON-000161,7,637,In Arrears,Lease,Germany,Bavaria,60,7.26,26621.93,19-08-2024
162,CON-000162,44,1720,Active,Subscription,Germany,Hesse,120,6.36,19323.26,09-10-2024
163,CON-000163,14,1602,Active,Standard Loan,Germany,Baden-Württemberg,240,4.13,15838.98,26-03-2023
164,CON-000164,10,786,Active,Standard Loan,Germany,Lower Saxony,180,3.89,33619.78,28-02-2024
165,CON-000165,21,711,Active,Lease,Germany,Lower Saxony,180,4.47,12010.83,17-08-2024
166,CON-000166,43,713,Active,Subscription,Netherlands,North Brabant,84,4.03,15840.67,25-12-2022
167,CON-000167,10,581,Active,Subscription,Germany,Lower Saxony,84,3.93,29094.54,07-09-2022
168,CON-000168,26,1081,Active,Standard Loan,Germany,Berlin,240,3.54,21196.02,11-02-2023
169,CON-000169,11,201,Active,Lease,Germany,Baden-Württemberg,240,7.01,11603.05,14-01-2024
170,CON-000170,6,1753,Completed,Standard Loan,Netherlands,South Holland,60,7.48,25647.26,27-07-2023
171,CON-000171,9,1160,Completed,Lease,Germany,Berlin,180,3.97,34583.12,11-02-2023
172,CON-000172,41,1266,Active,PPA,Germany,Lower Saxony,120,7.14,32101.61,25-03-2024
173,CON-000173,18,473,Active,Subscription,Germany,Bavaria,60,7.06,33266.32,27-09-2023
174,CON-000174,33,1969,Defaulted,Lease,Germany,Lower Saxony,180,5.99,37774.88,10-09-2024
175,CON-000175,49,766,Active,Lease,Germany,Hesse,120,5.77,14279.55,14-08-2022
176,CON-000176,19,1357,Active,Standard Loan,Germany,Hesse,180,4.79,25510.66,11-06-2024
177,CON-000177,7,491,Active,Lease,Germany,Bavaria,120,4.93,23134.23,11-12-2022
178,CON-000178,24,1431,Active,Standard Loan,Germany,Bavaria,240,5.37,33241.43,06-11-2024
179,CON-000179,44,868,Active,Standard Loan,Germany,Hesse,240,3.79,37251.85,09-03-2024
180,CON-000180,6,1134,Active,Standard Loan,Netherlands,South Holland,120,3.86,22364.25,29-09-2024
181,CON-000181,24,1954,In Arrears,Standard Loan,Germany,Bavaria,84,4.4,12008.89,27-05-2024
182,CON-000182,23,704,Active,Standard Loan,Germany,North Rhine-Westphalia,120,8.48,25992.92,10-05-2023
183,CON-000183,3,859,Completed,Standard Loan,Germany,North Rhine-Westphalia,84,4.57,29023.64,02-10-2024
184,CON-000184,42,1575,Completed,Standard Loan,Germany,North Rhine-Westphalia,84,4.56,8848.88,07-08-2023
185,CON-000185,13,1090,Active,PPA,Germany,North Rhine-Westphalia,60,5.53,19038.46,23-07-2023
186,CON-000186,29,1311,Active,Subscription,Germany,Hesse,84,3.77,41113.39,20-08-2023
187,CON-000187,16,394,In Arrears,Standard Loan,Germany,Berlin,120,6.18,37002.72,17-08-2023
188,CON-000188,46,1180,Active,Lease,Netherlands,North Holland,120,7.97,15346.72,25-11-2022
189,CON-000189,9,554,Active,Standard Loan,Germany,Berlin,60,7.98,42551.32,13-10-2023
190,CON-000190,42,1096,Active,Standard Loan,Germany,North Rhine-Westphalia,120,3.52,24670.68,04-01-2023
191,CON-000191,49,469,Active,Standard Loan,Germany,Hesse,180,4.44,33768.51,26-12-2022
192,CON-000192,12,1347,Completed,Standard Loan,Germany,Berlin,120,5.32,19171.95,02-06-2023
193,CON-000193,27,556,Active,Standard Loan,Austria,Upper Austria,120,5.26,28071.28,15-08-2023
194,CON-000194,23,1260,Active,Lease,Germany,North Rhine-Westphalia,84,5.68,18546.03,03-11-2024
195,CON-000195,37,782,Active,Standard Loan,Netherlands,North Holland,240,7.53,11841.05,21-09-2023
196,CON-000196,26,116,In Arrears,Standard Loan,Germany,Berlin,60,5.72,29505.64,18-05-2024
197,CON-000197,22,1695,Completed,Standard Loan,Germany,Bavaria,120,4.07,39684.68,26-07-2023
198,CON-000198,46,1498,Defaulted,Standard Loan,Netherlands,North Holland,60,5.37,16285.65,25-12-2023
199,CON-000199,43,897,Active,Standard Loan,Netherlands,North Brabant,180,3.52,41635.18,10-05-2023
200,CON-000200,42,1059,In Arrears,Subscription,Germany,North Rhine-Westphalia,180,6.5,20398.33,23-09-2023
201,CON-000201,13,1259,Cancelled,Standard Loan,Germany,North Rhine-Westphalia,180,5.47,9908.5,13-09-2023
202,CON-000202,47,706,Active,Lease,Germany,Baden-Württemberg,120,5.09,13862.42,19-07-2023
203,CON-000203,7,1785,Active,Lease,Germany,Bavaria,180,7.72,31210.78,13-06-2024
204,CON-000204,48,356,Active,Subscription,Germany,Lower Saxony,60,3.56,36491.19,02-11-2022
205,CON-000205,31,1954,Active,Standard Loan,Germany,Berlin,84,5.77,31365.57,23-11-2024
206,CON-000206,46,1841,Active,Standard Loan,Netherlands,North Holland,180,7.13,37862.6,16-05-2024
207,CON-000207,6,1531,Active,Standard Loan,Netherlands,South Holland,180,6.4,11826.51,19-03-2023
208,CON-000208,15,1799,Active,PPA,Germany,Berlin,60,7.72,41770.61,31-03-2023
209,CON-000209,22,426,Cancelled,PPA,Germany,Bavaria,60,6.94,21884.41,17-01-2024
210,CON-000210,10,1389,In Arrears,Subscription,Germany,Lower Saxony,180,6.66,39627.93,03-02-2023
211,CON-000211,26,1675,Active,Lease,Germany,Berlin,60,6.11,17416.54,20-05-2024
212,CON-000212,30,1218,Active,Standard Loan,Austria,Vienna,84,7.83,12247.17,21-04-2024
213,CON-000213,12,419,Active,Lease,Germany,Berlin,120,5.91,43269.49,25-09-2023
214,CON-000214,16,834,Active,PPA,Germany,Berlin,120,8.23,42126.88,03-11-2023
215,CON-000215,37,591,In Arrears,Standard Loan,Netherlands,North Holland,120,7.33,19528.65,25-09-2023
216,CON-000216,45,1750,Active,Standard Loan,Germany,North Rhine-Westphalia,120,5.09,11979.69,06-08-2024
217,CON-000217,19,1969,Active,PPA,Germany,Hesse,60,4.34,9249.12,01-10-2024
218,CON-000218,35,8,Active,Standard Loan,Germany,Lower Saxony,120,4.07,37934.5,13-05-2024
219,CON-000219,12,1679,Active,Standard Loan,Germany,Berlin,180,4.11,19787.8,14-10-2023
220,CON-000220,24,801,Active,Standard Loan,Germany,Bavaria,120,5.43,30266.67,02-10-2023
221,CON-000221,34,1772,Active,PPA,Germany,Baden-Württemberg,180,6.37,31911.99,26-07-2024
222,CON-000222,11,410,Active,Standard Loan,Germany,Baden-Württemberg,120,8.45,23585.78,03-06-2024
223,CON-000223,21,703,Active,Standard Loan,Germany,Lower Saxony,60,7.42,29303.07,03-07-2024
224,CON-000224,8,1195,Active,Standard Loan,Germany,Berlin,180,8.09,9447.45,10-09-2022
225,CON-000225,42,796,Completed,Standard Loan,Germany,North Rhine-Westphalia,120,5.23,10951.39,16-01-2023
226,CON-000226,4,879,Completed,Subscription,Germany,Hesse,120,6.71,41687.46,26-12-2023
227,CON-000227,6,118,Active,Standard Loan,Netherlands,South Holland,84,8.47,39871.38,06-03-2023
228,CON-000228,6,1408,Active,Standard Loan,Netherlands,South Holland,180,6.19,8182.83,07-03-2024
229,CON-000229,45,1716,Completed,Standard Loan,Germany,North Rhine-Westphalia,240,3.88,20185.17,21-08-2022
230,CON-000230,9,1328,Active,PPA,Germany,Berlin,84,5.1,13476.05,08-03-2024
231,CON-000231,45,1314,In Arrears,Standard Loan,Germany,North Rhine-Westphalia,84,6.14,29381.73,17-05-2024
232,CON-000232,38,1408,Completed,Standard Loan,Netherlands,North Holland,180,7.06,21061.36,15-05-2023
233,CON-000233,36,1895,In Arrears,Standard Loan,Austria,Styria,60,8.36,10229.88,18-11-2024
234,CON-000234,42,195,Active,Subscription,Germany,North Rhine-Westphalia,120,7.57,36179.29,26-07-2022
235,CON-000235,37,1461,Active,Standard Loan,Netherlands,North Holland,84,4.15,41917.8,09-11-2024
236,CON-000236,35,738,Active,PPA,Germany,Lower Saxony,84,4.89,14075.26,01-07-2024
237,CON-000237,36,509,Active,Standard Loan,Austria,Styria,180,4.7,41081.63,22-01-2024
238,CON-000238,36,1391,Active,Standard Loan,Austria,Styria,84,6.25,21113.79,12-04-2024
239,CON-000239,18,496,Active,Standard Loan,Germany,Bavaria,60,6.74,35084.06,26-07-2023
240,CON-000240,33,1171,Active,Standard Loan,Germany,Lower Saxony,120,4.05,9845.24,27-06-2024
241,CON-000241,45,422,Active,Standard Loan,Germany,North Rhine-Westphalia,60,4.01,16379.21,04-03-2023
242,CON-000242,6,1092,Active,Standard Loan,Netherlands,South Holland,120,4.36,15532.29,25-11-2023
243,CON-000243,1,1588,Active,Lease,Germany,Bavaria,180,7.2,39544.87,22-05-2024
244,CON-000244,9,953,Active,Standard Loan,Germany,Berlin,84,3.56,25560.23,03-03-2024
245,CON-000245,5,85,Active,Standard Loan,Austria,Vienna,120,8.35,29576.88,02-08-2022
246,CON-000246,7,1110,Active,PPA,Germany,Bavaria,180,4.95,16446.64,03-06-2024
247,CON-000247,41,1666,Active,Standard Loan,Germany,Lower Saxony,120,5.95,20978.9,20-11-2024
248,CON-000248,24,408,Cancelled,Lease,Germany,Bavaria,180,7.96,36657.47,11-12-2023
249,CON-000249,7,1940,In Arrears,Standard Loan,Germany,Bavaria,180,4.24,23181.8,15-11-2024
250,CON-000250,3,324,Active,Subscription,Germany,North Rhine-Westphalia,120,7.22,15172.16,14-07-2024
251,CON-000251,44,1278,Cancelled,Standard Loan,Germany,Hesse,240,7.88,14473.23,16-09-2023
252,CON-000252,18,660,Active,Standard Loan,Germany,Bavaria,120,3.71,27242.88,21-04-2023
253,CON-000253,24,131,Active,Standard Loan,Germany,Bavaria,120,8.35,26460.3,27-01-2024
254,CON-000254,49,1214,Active,Standard Loan,Germany,Hesse,84,5.93,10390.81,27-03-2024
255,CON-000255,12,840,Active,Standard Loan,Germany,Berlin,60,5.03,23921.94,22-09-2023
256,CON-000256,13,487,Active,Subscription,Germany,North Rhine-Westphalia,180,6.01,43465.4,15-12-2023
257,CON-000257,37,1953,Active,Subscription,Netherlands,North Holland,120,8.09,18759.67,30-12-2023
258,CON-000258,13,1906,Active,Standard Loan,Germany,North Rhine-Westphalia,120,8.33,11631.13,29-03-2024
259,CON-000259,17,281,Active,Standard Loan,Germany,North Rhine-Westphalia,180,7.52,13149.53,31-01-2024
260,CON-000260,11,502,Active,PPA,Germany,Baden-Württemberg,120,6.64,28195.74,15-11-2023
261,CON-000261,23,1857,Active,Standard Loan,Germany,North Rhine-Westphalia,180,6.02,33351.04,30-05-2024
262,CON-000262,24,1183,Active,PPA,Germany,Bavaria,60,6.29,43427.19,23-05-2024
263,CON-000263,34,635,Active,PPA,Germany,Baden-Württemberg,120,5.37,30972.92,02-11-2022
264,CON-000264,7,1174,Active,Standard Loan,Germany,Bavaria,180,7.87,25028.17,17-02-2024
265,CON-000265,42,1332,Completed,Standard Loan,Germany,North Rhine-Westphalia,120,7.61,28921.41,17-03-2023
266,CON-000266,32,1246,Active,Lease,Germany,Lower Saxony,60,4.53,13333.62,23-03-2024
267,CON-000267,43,664,Active,Standard Loan,Netherlands,North Brabant,180,8.18,37807.82,24-01-2023
268,CON-000268,9,1979,Completed,Standard Loan,Germany,Berlin,60,4.52,25528.47,08-05-2024
269,CON-000269,4,1315,Completed,Standard Loan,Germany,Hesse,120,4.42,16692.33,05-11-2023
270,CON-000270,34,606,Active,Standard Loan,Germany,Baden-Württemberg,180,5.66,31539.3,01-01-2024
271,CON-000271,39,1606,Active,Standard Loan,Germany,Berlin,120,4.95,11700.73,22-10-2023
272,CON-000272,21,1110,Active,Lease,Germany,Lower Saxony,120,5.62,9034.91,03-10-2024
273,CON-000273,1,1741,Cancelled,Standard Loan,Germany,Bavaria,180,6.79,24445.74,26-03-2024
274,CON-000274,8,249,Completed,Lease,Germany,Berlin,120,8.41,21236.66,16-11-2023
275,CON-000275,19,1834,Active,PPA,Germany,Hesse,120,4.37,13601.9,19-07-2023
276,CON-000276,8,1023,Active,Standard Loan,Germany,Berlin,120,5.47,41897.92,08-06-2024
277,CON-000277,25,1658,Active,Lease,Germany,Hesse,180,6.03,32379.49,03-10-2023
278,CON-000278,32,79,Cancelled,Standard Loan,Germany,Lower Saxony,120,3.72,39525.15,16-07-2024
279,CON-000279,47,223,Defaulted,Standard Loan,Germany,Baden-Württemberg,240,7.54,35107.94,17-09-2023
280,CON-000280,45,96,In Arrears,Lease,Germany,North Rhine-Westphalia,240,3.81,17267.9,06-09-2023
281,CON-000281,24,1882,Active,Subscription,Germany,Bavaria,180,8.12,19882.89,13-11-2024
282,CON-000282,31,1232,Active,Lease,Germany,Berlin,120,6.89,16343.37,19-07-2023
283,CON-000283,42,591,Defaulted,Standard Loan,Germany,North Rhine-Westphalia,180,6.84,15530.97,04-05-2022
284,CON-000284,21,1829,Active,Lease,Germany,Lower Saxony,120,6.91,43436.51,16-03-2024
285,CON-000285,10,845,Active,Standard Loan,Germany,Lower Saxony,120,5.26,30883.72,29-11-2024
286,CON-000286,5,405,Active,Standard Loan,Austria,Vienna,180,6.35,12706.12,13-08-2023
287,CON-000287,27,172,Active,Standard Loan,Austria,Upper Austria,120,4.62,42802.85,23-12-2023
288,CON-000288,44,1456,Active,Standard Loan,Germany,Hesse,120,4.71,27157.11,28-08-2022
289,CON-000289,35,1216,Active,Standard Loan,Germany,Lower Saxony,120,8.18,44442.56,09-09-2023
290,CON-000290,11,1117,Active,PPA,Germany,Baden-Württemberg,84,6.24,35153.29,16-03-2023
291,CON-000291,12,28,Active,Subscription,Germany,Berlin,120,3.85,23400.89,24-06-2023
292,CON-000292,45,1020,Active,Standard Loan,Germany,North Rhine-Westphalia,120,3.71,9317.2,12-11-2022
293,CON-000293,16,218,Completed,Lease,Germany,Berlin,60,3.78,36623.69,02-02-2023
294,CON-000294,43,906,Active,Standard Loan,Netherlands,North Brabant,60,5.91,22323.62,05-04-2024
295,CON-000295,37,570,Active,Standard Loan,Netherlands,North Holland,120,7.99,44353.78,08-10-2023
296,CON-000296,4,1108,Active,Standard Loan,Germany,Hesse,60,5.57,35845.06,11-05-2024
297,CON-000297,42,797,Active,Standard Loan,Germany,North Rhine-Westphalia,180,3.88,12688.49,21-12-2022
298,CON-000298,36,1239,Active,Subscription,Austria,Styria,84,5.49,32330.56,26-04-2024
299,CON-000299,11,1084,Active,Standard Loan,Germany,Baden-Württemberg,180,7.79,24411.05,15-01-2024
300,CON-000300,30,855,Active,Subscription,Austria,Vienna,120,4.84,33817.55,09-11-2022
301,CON-000301,37,453,Active,Lease,Netherlands,North Holland,60,8.06,39132.74,24-03-2024
302,CON-000302,7,1364,In Arrears,Standard Loan,Germany,Bavaria,60,4.68,24290.26,26-03-2023
303,CON-000303,43,1426,Active,Lease,Netherlands,North Brabant,120,7.64,11126.25,04-11-2023
304,CON-000304,26,1387,Active,Lease,Germany,Berlin,120,4.62,22035.1,06-12-2023
305,CON-000305,36,1784,Active,PPA,Austria,Styria,240,8.05,35915.69,25-05-2024
306,CON-000306,14,1885,Active,Standard Loan,Germany,Baden-Württemberg,180,5.2,38681.86,12-10-2022
307,CON-000307,38,421,Active,Subscription,Netherlands,North Holland,180,6.27,43241.52,15-10-2022
308,CON-000308,30,829,Active,Subscription,Austria,Vienna,120,6.09,14014.31,09-03-2024
309,CON-000309,8,1940,Active,Lease,Germany,Berlin,180,4.87,44955.83,30-10-2024
310,CON-000310,3,10,Active,Lease,Germany,North Rhine-Westphalia,180,7.41,37979.6,17-08-2023
311,CON-000311,18,1804,In Arrears,Standard Loan,Germany,Bavaria,120,3.59,8328.22,12-01-2023
312,CON-000312,43,1540,Active,Subscription,Netherlands,North Brabant,120,3.9,41190.64,10-05-2022
313,CON-000313,23,1277,Active,PPA,Germany,North Rhine-Westphalia,120,5.97,16414.5,12-12-2023
314,CON-000314,36,1309,Active,Lease,Austria,Styria,60,6.92,39841.1,29-10-2024
315,CON-000315,4,1619,Completed,Lease,Germany,Hesse,240,3.58,39262.44,09-06-2023
316,CON-000316,4,263,Active,Standard Loan,Germany,Hesse,60,5.72,26908.31,06-01-2023
317,CON-000317,21,1838,Active,Lease,Germany,Lower Saxony,60,5.63,18474.12,08-09-2024
318,CON-000318,20,229,In Arrears,Standard Loan,Austria,Styria,120,8.21,18880.33,08-06-2024
319,CON-000319,15,1290,Active,PPA,Germany,Berlin,60,6.55,37897.27,22-08-2024
320,CON-000320,28,1322,Active,PPA,Germany,Lower Saxony,240,5.39,29559.39,13-05-2023
321,CON-000321,36,1463,Active,Lease,Austria,Styria,120,8.49,31322,22-03-2024
322,CON-000322,7,1696,Active,Lease,Germany,Bavaria,180,6.8,27252.43,23-12-2022
323,CON-000323,46,838,Active,Subscription,Netherlands,North Holland,84,5.07,43978.68,20-11-2023
324,CON-000324,21,591,Active,Standard Loan,Germany,Lower Saxony,120,8.07,32173.21,21-11-2024
325,CON-000325,31,1666,Active,Lease,Germany,Berlin,240,4.72,41642.83,11-03-2023
326,CON-000326,42,281,Active,Lease,Germany,North Rhine-Westphalia,60,5.61,44380.17,08-08-2022
327,CON-000327,41,1024,Active,Subscription,Germany,Lower Saxony,60,4.1,17744.92,05-02-2024
328,CON-000328,39,452,In Arrears,Lease,Germany,Berlin,180,3.62,14176.62,26-07-2022
329,CON-000329,29,535,Active,PPA,Germany,Hesse,120,5.51,28606.81,03-02-2024
330,CON-000330,46,1793,Cancelled,Subscription,Netherlands,North Holland,84,7.11,10728.84,07-08-2024
331,CON-000331,35,578,Completed,Subscription,Germany,Lower Saxony,120,5.89,12980.4,07-08-2024
332,CON-000332,47,80,Active,Lease,Germany,Baden-Württemberg,120,5.35,32027.98,30-01-2023
333,CON-000333,32,498,Active,Lease,Germany,Lower Saxony,84,5.97,9786.65,27-06-2022
334,CON-000334,47,426,Completed,Lease,Germany,Baden-Württemberg,120,4.39,13298.27,20-02-2024
335,CON-000335,50,1406,Active,Standard Loan,Austria,Styria,120,7.9,19631.59,02-12-2023
336,CON-000336,15,1383,Completed,Subscription,Germany,Berlin,180,4.94,41954.64,12-08-2023
337,CON-000337,36,1497,Active,PPA,Austria,Styria,120,6.04,14247.54,13-03-2024
338,CON-000338,30,47,Cancelled,Lease,Austria,Vienna,180,3.63,15516.21,17-07-2023
339,CON-000339,38,1028,Active,Standard Loan,Netherlands,North Holland,120,4.05,34133.92,25-11-2023
340,CON-000340,14,487,Active,PPA,Germany,Baden-Württemberg,180,4.08,21087.68,15-12-2022
341,CON-000341,38,1540,Active,Standard Loan,Netherlands,North Holland,120,5.77,35214.3,19-01-2024
342,CON-000342,36,1793,Completed,Lease,Austria,Styria,120,8.16,37385.3,18-12-2023
343,CON-000343,44,1458,Active,Standard Loan,Germany,Hesse,180,4.73,29694.7,23-03-2024
344,CON-000344,25,230,Completed,Lease,Germany,Hesse,180,4.91,15347.2,31-08-2022
345,CON-000345,1,1089,Active,Lease,Germany,Bavaria,180,7.05,9436.07,28-12-2023
346,CON-000346,12,1901,Active,Standard Loan,Germany,Berlin,180,4.4,19103.72,12-11-2024
347,CON-000347,26,1428,Active,Subscription,Germany,Berlin,120,6.22,18930.44,14-12-2023
348,CON-000348,46,831,Active,Standard Loan,Netherlands,North Holland,240,5.13,32509.47,18-01-2024
349,CON-000349,18,1924,Completed,Lease,Germany,Bavaria,120,4.14,40640.34,25-06-2024
350,CON-000350,36,467,Active,PPA,Austria,Styria,120,7.95,36964.63,14-04-2024
351,CON-000351,14,611,Active,Standard Loan,Germany,Baden-Württemberg,180,5.63,17645.88,09-04-2023
352,CON-000352,12,1246,Active,Lease,Germany,Berlin,120,5.55,29182.71,04-07-2023
353,CON-000353,48,1383,In Arrears,Standard Loan,Germany,Lower Saxony,84,6.2,43160.31,02-07-2023
354,CON-000354,41,528,Active,Standard Loan,Germany,Lower Saxony,180,6.26,32232.47,25-10-2023
355,CON-000355,11,684,Active,Standard Loan,Germany,Baden-Württemberg,120,7.09,18736.94,16-07-2024
356,CON-000356,30,1862,Active,Standard Loan,Austria,Vienna,60,3.6,42793.14,17-03-2022
357,CON-000357,26,195,In Arrears,Standard Loan,Germany,Berlin,60,6.66,33458.59,12-09-2023
358,CON-000358,41,1608,In Arrears,Lease,Germany,Lower Saxony,180,7.88,39893.4,12-03-2023
359,CON-000359,40,1572,Active,Standard Loan,Germany,Bavaria,180,6.21,42002.06,19-11-2022
360,CON-000360,42,960,Active,Standard Loan,Germany,North Rhine-Westphalia,120,6.06,8866.98,21-06-2024
361,CON-000361,14,1021,Active,Standard Loan,Germany,Baden-Württemberg,120,5.65,16223.36,30-06-2023
362,CON-000362,15,1875,Active,Standard Loan,Germany,Berlin,84,3.59,26390.29,27-05-2024
363,CON-000363,30,294,Active,Standard Loan,Austria,Vienna,120,3.62,36534.61,19-10-2022
364,CON-000364,6,451,Completed,Standard Loan,Netherlands,South Holland,180,8.38,11529.39,21-07-2023
365,CON-000365,13,577,Completed,Standard Loan,Germany,North Rhine-Westphalia,180,6.12,39067.05,20-11-2024
366,CON-000366,26,796,Active,PPA,Germany,Berlin,180,3.68,33492.91,19-10-2023
367,CON-000367,14,441,Active,Lease,Germany,Baden-Württemberg,180,6.23,19581.6,01-10-2023
368,CON-000368,28,1367,Active,Lease,Germany,Lower Saxony,60,4.03,33872.46,14-06-2024
369,CON-000369,9,1354,Completed,Standard Loan,Germany,Berlin,60,5.62,14316.72,19-03-2023
370,CON-000370,39,97,Defaulted,Standard Loan,Germany,Berlin,60,4.09,44842.54,04-08-2023
371,CON-000371,18,286,Active,Lease,Germany,Bavaria,180,4.21,27360.3,10-02-2024
372,CON-000372,37,118,Active,Subscription,Netherlands,North Holland,120,4.55,20216.56,24-02-2024
373,CON-000373,47,971,In Arrears,Subscription,Germany,Baden-Württemberg,60,5.58,13562.92,22-05-2024
374,CON-000374,17,910,Active,Lease,Germany,North Rhine-Westphalia,60,5.79,11504.44,15-02-2024
375,CON-000375,45,825,Active,Standard Loan,Germany,North Rhine-Westphalia,240,4.87,38367.91,17-07-2022
376,CON-000376,35,1234,Active,Standard Loan,Germany,Lower Saxony,120,6.71,15495.76,03-02-2024
377,CON-000377,12,1016,Active,PPA,Germany,Berlin,84,6.11,31858.71,31-08-2023
378,CON-000378,33,417,Completed,Subscription,Germany,Lower Saxony,180,5.87,14219.68,30-10-2024
379,CON-000379,6,955,In Arrears,Subscription,Netherlands,South Holland,84,5.88,8009.13,24-07-2023
380,CON-000380,8,1019,Active,Standard Loan,Germany,Berlin,180,5.14,26513.88,13-10-2023
381,CON-000381,21,1160,Active,Standard Loan,Germany,Lower Saxony,180,5.08,10893.39,17-07-2024
382,CON-000382,35,1409,Completed,Lease,Germany,Lower Saxony,180,6.3,26133.46,12-10-2023
383,CON-000383,30,1297,Completed,Standard Loan,Austria,Vienna,84,7.83,39648.78,23-02-2023
384,CON-000384,23,1760,Active,Standard Loan,Germany,North Rhine-Westphalia,120,4.4,35662.25,16-09-2023
385,CON-000385,29,610,Active,Standard Loan,Germany,Hesse,120,8.06,41884.86,11-10-2023
386,CON-000386,14,1820,Active,Lease,Germany,Baden-Württemberg,120,3.72,33733.47,22-12-2023
387,CON-000387,49,1972,Active,Standard Loan,Germany,Hesse,180,5.85,30479.21,16-10-2024
388,CON-000388,40,801,Active,Lease,Germany,Bavaria,180,3.69,9066.97,15-05-2024
389,CON-000389,44,1213,Active,PPA,Germany,Hesse,180,4.1,24404.99,16-08-2023
390,CON-000390,15,1225,Completed,Standard Loan,Germany,Berlin,180,3.58,38979.12,26-10-2024
391,CON-000391,37,568,Active,Standard Loan,Netherlands,North Holland,120,8.2,22917.4,21-06-2024
392,CON-000392,42,1065,Active,Lease,Germany,North Rhine-Westphalia,120,4.36,9646.81,25-04-2024
393,CON-000393,21,1184,Active,PPA,Germany,Lower Saxony,120,6.3,12355.44,10-02-2024
394,CON-000394,6,1941,Active,Lease,Netherlands,South Holland,84,3.95,34993.36,25-05-2023
395,CON-000395,49,1331,Cancelled,Standard Loan,Germany,Hesse,60,6.69,25032.92,01-08-2024
396,CON-000396,36,1891,Active,Standard Loan,Austria,Styria,180,7.19,19488.02,05-03-2024
397,CON-000397,31,146,Active,Standard Loan,Germany,Berlin,120,4.5,44233.29,14-05-2023
398,CON-000398,6,632,Completed,Standard Loan,Netherlands,South Holland,120,6.71,24637.91,02-03-2024
399,CON-000399,43,246,Active,Standard Loan,Netherlands,North Brabant,120,8.47,24052.58,13-09-2023
400,CON-000400,18,729,Active,Standard Loan,Germany,Bavaria,180,7.47,11358.03,28-01-2024
401,CON-000401,3,1996,Active,Lease,Germany,North Rhine-Westphalia,120,5.84,19950.67,01-03-2023
402,CON-000402,46,587,Active,Lease,Netherlands,North Holland,180,7.85,8292.24,02-03-2023
403,CON-000403,6,628,Active,Lease,Netherlands,South Holland,84,6.23,35825.67,03-01-2024
404,CON-000404,33,1101,Active,Standard Loan,Germany,Lower Saxony,120,4.72,34764.78,22-03-2024
405,CON-000405,21,1807,Active,PPA,Germany,Lower Saxony,180,8,26757.55,07-06-2024
406,CON-000406,49,984,Active,Lease,Germany,Hesse,84,4.33,19121.56,15-06-2022
407,CON-000407,29,139,In Arrears,Subscription,Germany,Hesse,180,4.15,20326.44,01-07-2024
408,CON-000408,17,588,Active,Standard Loan,Germany,North Rhine-Westphalia,120,5.48,25041.75,04-06-2024
409,CON-000409,10,824,Completed,Standard Loan,Germany,Lower Saxony,60,4.72,33334.4,26-10-2023
410,CON-000410,25,1598,Active,Standard Loan,Germany,Hesse,120,5.47,15862.2,18-06-2023
411,CON-000411,13,576,Completed,PPA,Germany,North Rhine-Westphalia,84,7.32,12940.47,30-03-2024
412,CON-000412,42,61,Active,Subscription,Germany,North Rhine-Westphalia,120,6.17,20834.09,18-06-2023
413,CON-000413,2,218,Active,PPA,Germany,Berlin,180,5.35,20574.49,23-08-2022
414,CON-000414,47,1611,In Arrears,Lease,Germany,Baden-Württemberg,120,3.72,19171.7,13-06-2023
415,CON-000415,23,871,In Arrears,Standard Loan,Germany,North Rhine-Westphalia,180,5.9,17657.72,04-04-2024
416,CON-000416,21,1034,Completed,PPA,Germany,Lower Saxony,120,3.91,33384.43,03-04-2024
417,CON-000417,1,441,Active,Standard Loan,Germany,Bavaria,120,6.93,8428.78,14-01-2024
418,CON-000418,4,1501,Active,Standard Loan,Germany,Hesse,180,6.52,37689.48,15-10-2024
419,CON-000419,25,244,Defaulted,Standard Loan,Germany,Hesse,240,4.06,14617.06,22-08-2023
420,CON-000420,1,1202,Active,Standard Loan,Germany,Bavaria,120,4.49,38074.9,29-05-2024
421,CON-000421,4,1344,Active,Standard Loan,Germany,Hesse,180,5.8,9852.72,19-01-2023
422,CON-000422,36,550,In Arrears,Standard Loan,Austria,Styria,120,4.39,21204.76,11-12-2023
423,CON-000423,35,1960,Active,Lease,Germany,Lower Saxony,180,6.16,22659.94,18-05-2024
424,CON-000424,7,959,Active,PPA,Germany,Bavaria,120,4.87,43958.55,20-03-2024
425,CON-000425,43,302,Active,Lease,Netherlands,North Brabant,120,3.7,20083.77,30-08-2023
426,CON-000426,38,1006,Active,Standard Loan,Netherlands,North Holland,120,8.4,10914.3,29-11-2022
427,CON-000427,2,1864,In Arrears,PPA,Germany,Berlin,180,7.21,10933.48,12-11-2022
428,CON-000428,31,1203,Completed,Standard Loan,Germany,Berlin,120,7.77,17018.84,25-07-2024
429,CON-000429,25,162,Cancelled,Standard Loan,Germany,Hesse,120,6.94,14871.4,14-05-2023
430,CON-000430,10,1628,Active,Standard Loan,Germany,Lower Saxony,120,3.59,23330.02,10-08-2022
431,CON-000431,33,758,Active,Lease,Germany,Lower Saxony,60,4.62,34233.31,30-12-2023
432,CON-000432,38,1019,Cancelled,Standard Loan,Netherlands,North Holland,120,6.67,20163.82,02-12-2023
433,CON-000433,18,1596,Active,Standard Loan,Germany,Bavaria,84,7.77,26462.06,11-10-2023
434,CON-000434,21,1390,Active,Subscription,Germany,Lower Saxony,240,6.66,28769.05,27-11-2024
435,CON-000435,21,108,Active,Lease,Germany,Lower Saxony,120,5.84,13768.32,19-07-2024
436,CON-000436,22,1546,Cancelled,Standard Loan,Germany,Bavaria,240,6.28,26158,25-05-2024
437,CON-000437,33,1334,Completed,PPA,Germany,Lower Saxony,120,4.56,12093.41,18-05-2023
438,CON-000438,50,976,Active,Standard Loan,Austria,Styria,120,7.26,23472.66,03-01-2024
439,CON-000439,6,1847,Active,PPA,Netherlands,South Holland,120,6.16,16328.67,15-01-2024
440,CON-000440,15,1422,Active,Standard Loan,Germany,Berlin,240,4.39,18671.09,04-06-2023
441,CON-000441,9,79,Active,Standard Loan,Germany,Berlin,120,5.59,23475.97,20-12-2023
442,CON-000442,34,652,Active,Standard Loan,Germany,Baden-Württemberg,120,7.16,42983.09,20-05-2022
443,CON-000443,6,783,Completed,PPA,Netherlands,South Holland,180,6.77,28426.12,31-10-2024
444,CON-000444,9,389,Active,Standard Loan,Germany,Berlin,84,8.19,42091.27,26-07-2023
445,CON-000445,45,49,Active,Standard Loan,Germany,North Rhine-Westphalia,120,6.92,24415.17,18-10-2023
446,CON-000446,24,1140,Active,Standard Loan,Germany,Bavaria,180,7.86,41628.51,16-10-2024
447,CON-000447,39,1025,In Arrears,Standard Loan,Germany,Berlin,180,8.48,39900.25,12-08-2023
448,CON-000448,14,1131,Active,Standard Loan,Germany,Baden-Württemberg,180,6.53,44600.73,06-07-2022
449,CON-000449,42,371,Active,Lease,Germany,North Rhine-Westphalia,120,7.61,36444.18,19-07-2024
450,CON-000450,36,361,Active,PPA,Austria,Styria,84,7.74,36043.8,31-01-2024
451,CON-000451,37,619,Active,Lease,Netherlands,North Holland,84,4.72,25855.87,24-05-2024
452,CON-000452,24,240,Active,Standard Loan,Germany,Bavaria,180,5.21,33500.18,14-10-2023
453,CON-000453,14,455,Active,Standard Loan,Germany,Baden-Württemberg,180,4.24,18671.93,10-04-2022
454,CON-000454,15,158,Active,PPA,Germany,Berlin,120,5.02,34383.92,06-06-2023
455,CON-000455,8,1651,Active,Standard Loan,Germany,Berlin,120,4.64,39484.01,01-09-2023
456,CON-000456,1,1928,Active,Standard Loan,Germany,Bavaria,180,8.48,23016.25,07-11-2023
457,CON-000457,18,1934,Active,PPA,Germany,Bavaria,120,6.12,21985.21,02-12-2024
458,CON-000458,26,1893,Active,Standard Loan,Germany,Berlin,60,8.23,20667.58,01-12-2023
459,CON-000459,41,376,Active,Standard Loan,Germany,Lower Saxony,84,5.99,29068.1,24-08-2024
460,CON-000460,39,966,Active,Standard Loan,Germany,Berlin,120,4.64,15493.61,05-09-2024
461,CON-000461,18,1494,Active,PPA,Germany,Bavaria,240,7.73,27895.98,30-01-2024
462,CON-000462,24,61,Active,Standard Loan,Germany,Bavaria,120,7.2,33518.86,14-10-2023
463,CON-000463,36,1200,Active,Subscription,Austria,Styria,240,4.83,18266.63,19-12-2023
464,CON-000464,46,1136,Active,Standard Loan,Netherlands,North Holland,60,4.64,29670.06,21-09-2023
465,CON-000465,30,1128,Active,Standard Loan,Austria,Vienna,180,3.87,25697.06,24-01-2023
466,CON-000466,6,1427,Active,PPA,Netherlands,South Holland,120,6.35,29523.4,28-10-2024
467,CON-000467,41,936,Active,Standard Loan,Germany,Lower Saxony,180,5.78,8018.32,09-08-2024
468,CON-000468,10,931,Active,Lease,Germany,Lower Saxony,120,6.73,17775.4,13-01-2024
469,CON-000469,27,1503,In Arrears,Standard Loan,Austria,Upper Austria,240,8.23,26040.48,10-10-2022
470,CON-000470,9,398,Active,PPA,Germany,Berlin,180,3.97,39895.11,08-02-2024
471,CON-000471,11,1308,Active,Standard Loan,Germany,Baden-Württemberg,84,6.01,19840.59,09-09-2023
472,CON-000472,16,1031,Active,Standard Loan,Germany,Berlin,180,5.12,15100.45,19-01-2024
473,CON-000473,36,911,Active,Subscription,Austria,Styria,240,6.77,37183.7,19-08-2024
474,CON-000474,25,401,Active,Lease,Germany,Hesse,120,5.03,34888.26,28-12-2022
475,CON-000475,40,1537,Active,Standard Loan,Germany,Bavaria,60,5.54,31894.33,22-12-2023
476,CON-000476,15,153,Active,PPA,Germany,Berlin,84,7.08,18907.48,21-07-2023
477,CON-000477,18,1444,Active,Standard Loan,Germany,Bavaria,180,6.59,24283.82,02-02-2023
478,CON-000478,9,1985,Completed,Standard Loan,Germany,Berlin,120,8.26,43028.2,30-11-2024
479,CON-000479,49,77,Active,Standard Loan,Germany,Hesse,120,6.53,21875.7,27-01-2023
480,CON-000480,21,56,Active,PPA,Germany,Lower Saxony,120,7.9,10737.58,05-04-2024
481,CON-000481,44,443,Completed,Standard Loan,Germany,Hesse,84,3.94,17073.39,21-01-2024
482,CON-000482,29,211,Active,Lease,Germany,Hesse,84,7.35,40216.84,20-12-2022
483,CON-000483,49,1947,Active,Standard Loan,Germany,Hesse,120,7.92,14813.18,16-07-2024
484,CON-000484,36,1326,Active,PPA,Austria,Styria,180,8.16,13189.99,07-04-2024
485,CON-000485,42,1673,Active,Lease,Germany,North Rhine-Westphalia,240,6.06,8599.45,10-06-2022
486,CON-000486,42,1031,Defaulted,Subscription,Germany,North Rhine-Westphalia,120,5.17,10483.05,26-08-2023
487,CON-000487,41,1418,Active,Subscription,Germany,Lower Saxony,180,3.94,42132.38,06-04-2024
488,CON-000488,40,1695,Active,Standard Loan,Germany,Bavaria,180,5.83,40906.16,19-01-2024
489,CON-000489,10,80,Active,Lease,Germany,Lower Saxony,120,6.96,38347.72,12-11-2023
490,CON-000490,1,939,Active,PPA,Germany,Bavaria,60,5.11,13568.31,24-06-2022
491,CON-000491,29,99,Defaulted,PPA,Germany,Hesse,180,6.37,21121.88,21-06-2023
492,CON-000492,9,135,Cancelled,Standard Loan,Germany,Berlin,120,4,27736.62,22-06-2023
493,CON-000493,8,885,Active,Standard Loan,Germany,Berlin,120,5.08,16513.84,13-10-2022
494,CON-000494,14,1600,Active,Subscription,Germany,Baden-Württemberg,180,3.64,40472.59,13-10-2022
495,CON-000495,2,1002,Active,PPA,Germany,Berlin,180,5.4,24532.06,15-07-2024
496,CON-000496,6,1876,Active,Standard Loan,Netherlands,South Holland,180,4.11,35994.44,08-10-2024
497,CON-000497,33,323,Active,Standard Loan,Germany,Lower Saxony,120,4.55,11359.27,29-12-2023
498,CON-000498,28,753,Cancelled,PPA,Germany,Lower Saxony,60,7.52,22811.41,11-06-2022
499,CON-000499,23,1085,Completed,PPA,Germany,North Rhine-Westphalia,84,7.01,32066.01,06-01-2024
500,CON-000500,1,21,Active,Standard Loan,Germany,Bavaria,180,5.12,13207.23,21-06-2024
501,CON-000501,9,551,Active,Standard Loan,Germany,Berlin,60,7.51,40054.77,01-01-2023
502,CON-000502,9,751,Active,PPA,Germany,Berlin,240,7.21,37981.83,07-05-2024
503,CON-000503,7,1227,Active,Standard Loan,Germany,Bavaria,84,5.52,21807.81,24-03-2024
504,CON-000504,2,675,In Arrears,Standard Loan,Germany,Berlin,60,7.86,41802.35,18-06-2023
505,CON-000505,33,8,Active,Subscription,Germany,Lower Saxony,84,5.24,16239.89,19-07-2023
506,CON-000506,24,886,Active,Standard Loan,Germany,Bavaria,120,7.78,37948.73,08-08-2024
507,CON-000507,46,21,Active,Lease,Netherlands,North Holland,180,5.33,30703.55,11-10-2023
508,CON-000508,43,1708,Active,Lease,Netherlands,North Brabant,120,7.53,13276.03,22-10-2022
509,CON-000509,15,553,Active,Subscription,Germany,Berlin,84,4.42,32396.67,07-09-2023
510,CON-000510,36,1298,Active,Standard Loan,Austria,Styria,240,4.83,41282.69,19-09-2024
511,CON-000511,38,753,Active,Standard Loan,Netherlands,North Holland,240,5.43,9776.68,21-09-2024
512,CON-000512,3,1182,Active,PPA,Germany,North Rhine-Westphalia,120,3.56,25788.73,10-01-2023
513,CON-000513,49,1691,Active,Lease,Germany,Hesse,120,4.81,24274.93,22-12-2022
514,CON-000514,28,1087,Active,Standard Loan,Germany,Lower Saxony,84,5.2,40262.93,24-11-2024
515,CON-000515,43,1346,Active,Standard Loan,Netherlands,North Brabant,60,5.33,31764.83,06-12-2022
516,CON-000516,24,167,Active,Subscription,Germany,Bavaria,180,4.13,20862.1,22-08-2024
517,CON-000517,49,597,Completed,Standard Loan,Germany,Hesse,120,8.21,44946.16,19-11-2022
518,CON-000518,1,754,Active,Standard Loan,Germany,Bavaria,120,7.4,28826.67,02-06-2023
519,CON-000519,29,1006,Defaulted,Lease,Germany,Hesse,240,6.15,21855.47,07-11-2024
520,CON-000520,43,1440,Completed,Standard Loan,Netherlands,North Brabant,180,4.26,42861.1,19-10-2024
521,CON-000521,49,941,Active,Lease,Germany,Hesse,120,6.11,23586.77,16-03-2023
522,CON-000522,16,452,In Arrears,Standard Loan,Germany,Berlin,120,5.06,42152.93,08-06-2024
523,CON-000523,21,408,Completed,Lease,Germany,Lower Saxony,180,7.53,43183.69,01-05-2024
524,CON-000524,21,1355,Active,Lease,Germany,Lower Saxony,60,8.32,18220.06,06-08-2024
525,CON-000525,48,1105,Active,PPA,Germany,Lower Saxony,84,4.88,20116.37,27-10-2023
526,CON-000526,33,253,Active,Standard Loan,Germany,Lower Saxony,120,4.12,35487.73,01-05-2024
527,CON-000527,49,1377,Active,Lease,Germany,Hesse,180,8.25,9515.95,01-05-2023
528,CON-000528,23,1161,Active,Lease,Germany,North Rhine-Westphalia,180,4.62,11812.86,15-07-2024
529,CON-000529,20,1521,Defaulted,PPA,Austria,Styria,120,7.01,24001.66,21-06-2024
530,CON-000530,15,1126,Active,Standard Loan,Germany,Berlin,240,6.7,20166.7,04-10-2023
531,CON-000531,19,917,Active,PPA,Germany,Hesse,180,4.71,26314.12,14-06-2024
532,CON-000532,37,1412,Active,Standard Loan,Netherlands,North Holland,180,7.85,32699.61,30-06-2024
533,CON-000533,43,1256,Active,Lease,Netherlands,North Brabant,120,4.09,36269.13,20-06-2022
534,CON-000534,46,570,Active,PPA,Netherlands,North Holland,180,3.7,31942.27,23-12-2023
535,CON-000535,3,1972,Active,Subscription,Germany,North Rhine-Westphalia,180,3.63,28976.41,16-07-2024
536,CON-000536,6,469,Active,Subscription,Netherlands,South Holland,180,7.75,17380.03,25-03-2023
537,CON-000537,13,1840,Active,Lease,Germany,North Rhine-Westphalia,120,7,31487.87,17-04-2023
538,CON-000538,44,914,Completed,Standard Loan,Germany,Hesse,120,5.24,38172.37,10-07-2024
539,CON-000539,34,1167,Active,Standard Loan,Germany,Baden-Württemberg,240,5.08,19315.9,02-07-2024
540,CON-000540,35,505,Active,Standard Loan,Germany,Lower Saxony,84,7.78,25961.3,13-06-2024
541,CON-000541,9,222,Active,PPA,Germany,Berlin,84,6.41,41626.72,09-12-2022
542,CON-000542,30,1306,Active,PPA,Austria,Vienna,60,3.97,34331.63,14-02-2024
543,CON-000543,9,1635,In Arrears,PPA,Germany,Berlin,120,8.11,11834.16,20-11-2023
544,CON-000544,45,217,Completed,Standard Loan,Germany,North Rhine-Westphalia,240,5.12,16318.52,06-02-2024
545,CON-000545,9,1660,Active,Standard Loan,Germany,Berlin,120,7.67,44380.7,19-12-2022
546,CON-000546,36,1705,Active,Standard Loan,Austria,Styria,120,8.32,39728.66,05-12-2023
547,CON-000547,30,1531,Defaulted,Subscription,Austria,Vienna,120,7.74,29493.14,16-09-2022
548,CON-000548,39,1919,Cancelled,Standard Loan,Germany,Berlin,180,4.82,21698.45,29-06-2023
549,CON-000549,19,741,Active,Standard Loan,Germany,Hesse,120,7.64,33990.09,30-10-2022
550,CON-000550,47,226,Active,Standard Loan,Germany,Baden-Württemberg,120,4.02,38572.87,24-05-2024
551,CON-000551,37,695,Active,Standard Loan,Netherlands,North Holland,120,6.37,9968.45,27-01-2024
552,CON-000552,23,430,Defaulted,Standard Loan,Germany,North Rhine-Westphalia,60,5.74,32060.27,27-08-2023
553,CON-000553,37,1876,Cancelled,Lease,Netherlands,North Holland,60,7.09,29080.88,08-06-2024
554,CON-000554,37,1028,Active,Standard Loan,Netherlands,North Holland,240,4.58,24728.13,26-10-2023
555,CON-000555,31,161,Active,Lease,Germany,Berlin,84,6.2,33208.9,24-12-2023
556,CON-000556,37,118,Active,Standard Loan,Netherlands,North Holland,180,3.86,10354.26,12-10-2023
557,CON-000557,11,1988,Active,Standard Loan,Germany,Baden-Württemberg,180,3.65,42366.57,17-07-2023
558,CON-000558,6,794,Active,Standard Loan,Netherlands,South Holland,180,5.41,25553.08,26-03-2024
559,CON-000559,10,755,Active,Subscription,Germany,Lower Saxony,120,4.42,22852.83,20-04-2023
560,CON-000560,35,1330,Active,Standard Loan,Germany,Lower Saxony,120,3.6,30427.9,23-08-2023
561,CON-000561,9,1584,Active,Standard Loan,Germany,Berlin,60,5.13,19331.76,17-05-2024
562,CON-000562,5,1990,Active,PPA,Austria,Vienna,180,4.41,16079.83,05-05-2024
563,CON-000563,46,384,Completed,Lease,Netherlands,North Holland,84,5.7,39301,24-06-2024
564,CON-000564,42,762,Cancelled,PPA,Germany,North Rhine-Westphalia,60,6.19,43447.16,07-01-2024
565,CON-000565,17,1743,Cancelled,Standard Loan,Germany,North Rhine-Westphalia,180,6.45,14193.26,27-02-2023
566,CON-000566,9,1098,Active,Standard Loan,Germany,Berlin,240,8.14,28275.28,03-11-2023
567,CON-000567,7,1095,Active,PPA,Germany,Bavaria,84,4.21,43534.32,13-10-2023
568,CON-000568,3,996,Active,Lease,Germany,North Rhine-Westphalia,180,8.05,34182.59,23-10-2024
569,CON-000569,36,15,Completed,Lease,Austria,Styria,120,7.01,27301.89,24-08-2024
570,CON-000570,15,1675,Active,Standard Loan,Germany,Berlin,120,6.63,22956.81,16-07-2023
571,CON-000571,26,1604,Completed,Lease,Germany,Berlin,180,5.03,44714.63,17-03-2024
572,CON-000572,29,1695,Active,Lease,Germany,Hesse,120,6.44,41310.22,27-02-2023
573,CON-000573,30,690,Active,Standard Loan,Austria,Vienna,120,5.26,27897.26,08-01-2023
574,CON-000574,28,105,Defaulted,Lease,Germany,Lower Saxony,120,7,41694.5,28-10-2023
575,CON-000575,5,1641,Cancelled,Standard Loan,Austria,Vienna,120,6.57,9673.65,20-02-2023
576,CON-000576,15,1933,Completed,Standard Loan,Germany,Berlin,180,7.66,44422.87,31-10-2024
577,CON-000577,43,186,Active,Lease,Netherlands,North Brabant,120,6.61,17552.86,04-08-2022
578,CON-000578,46,727,Active,Standard Loan,Netherlands,North Holland,180,4.86,33540.41,14-09-2024
579,CON-000579,46,9,Active,PPA,Netherlands,North Holland,120,3.55,33623.36,28-03-2024
580,CON-000580,8,866,Active,Standard Loan,Germany,Berlin,180,4.08,41382.03,15-10-2022
581,CON-000581,18,932,Active,Standard Loan,Germany,Bavaria,240,7.08,33715.71,01-04-2023
582,CON-000582,43,1832,Active,Standard Loan,Netherlands,North Brabant,84,7.61,40708.98,29-04-2024
583,CON-000583,8,1418,Active,Standard Loan,Germany,Berlin,120,4.06,9407.16,27-11-2023
584,CON-000584,37,540,Active,Subscription,Netherlands,North Holland,180,5.69,13282.07,31-08-2024
585,CON-000585,40,1099,Completed,Standard Loan,Germany,Bavaria,180,3.72,8525.81,07-06-2023
586,CON-000586,10,1137,Active,Lease,Germany,Lower Saxony,60,5.4,43032.39,25-05-2024
587,CON-000587,18,1976,Active,Standard Loan,Germany,Bavaria,180,3.85,17093.72,07-08-2022
588,CON-000588,49,1578,Active,Lease,Germany,Hesse,60,6.09,8646.09,17-04-2024
589,CON-000589,18,1325,Active,Standard Loan,Germany,Bavaria,180,3.53,8126.58,27-10-2022
590,CON-000590,31,932,Completed,Standard Loan,Germany,Berlin,60,6.23,8732.35,07-08-2024
591,CON-000591,31,835,Active,Standard Loan,Germany,Berlin,180,5.75,35678.57,05-10-2024
592,CON-000592,50,1660,Active,Lease,Austria,Styria,120,7.9,16282.07,22-11-2022
593,CON-000593,49,1414,Active,Standard Loan,Germany,Hesse,180,5.34,8774.67,04-02-2023
594,CON-000594,37,1789,Active,PPA,Netherlands,North Holland,240,4.13,31180.5,30-01-2024
595,CON-000595,24,1535,Active,Lease,Germany,Bavaria,120,5.19,32618.82,09-03-2024
596,CON-000596,13,237,Active,Subscription,Germany,North Rhine-Westphalia,84,7.87,32395.06,02-10-2024
597,CON-000597,30,832,Active,Standard Loan,Austria,Vienna,120,5.03,22534.69,26-04-2023
598,CON-000598,46,253,Defaulted,Lease,Netherlands,North Holland,120,4.5,20494.28,14-08-2024
599,CON-000599,47,1502,In Arrears,Lease,Germany,Baden-Württemberg,60,4.53,28993.54,20-04-2024
600,CON-000600,41,351,Active,PPA,Germany,Lower Saxony,180,4.49,23217.72,08-06-2024
601,CON-000601,8,280,Active,Standard Loan,Germany,Berlin,180,7.32,27631.76,23-06-2023
602,CON-000602,6,248,Active,Subscription,Netherlands,South Holland,60,7.81,9951.85,17-03-2023
603,CON-000603,11,1110,Active,Subscription,Germany,Baden-Württemberg,120,3.83,31059.57,21-08-2023
604,CON-000604,24,164,Cancelled,Standard Loan,Germany,Bavaria,120,4.01,28789.84,04-08-2023
605,CON-000605,22,934,Active,PPA,Germany,Bavaria,120,6.31,31261.25,10-01-2024
606,CON-000606,13,701,Defaulted,Standard Loan,Germany,North Rhine-Westphalia,240,3.99,9457,28-07-2023
607,CON-000607,25,49,Active,PPA,Germany,Hesse,180,7.59,42444.86,14-10-2023
608,CON-000608,49,1123,Active,Standard Loan,Germany,Hesse,120,5.2,11145.39,18-12-2023
609,CON-000609,35,62,Active,Lease,Germany,Lower Saxony,84,8.18,43535.33,19-10-2023
610,CON-000610,16,1946,In Arrears,PPA,Germany,Berlin,60,6.51,37574.75,27-08-2024
611,CON-000611,22,125,Active,Standard Loan,Germany,Bavaria,120,6.07,44335.35,04-09-2024
612,CON-000612,9,1353,Active,Lease,Germany,Berlin,120,5.74,24019.14,09-11-2024
613,CON-000613,40,1459,Active,Lease,Germany,Bavaria,120,3.66,40265.48,25-01-2023
614,CON-000614,16,1687,Active,Standard Loan,Germany,Berlin,120,3.68,32860.44,08-10-2023
615,CON-000615,42,1001,Active,Standard Loan,Germany,North Rhine-Westphalia,120,7.04,12896.58,20-06-2024
616,CON-000616,15,1734,Active,Lease,Germany,Berlin,240,3.92,32650.24,30-03-2024
617,CON-000617,7,1792,Active,Standard Loan,Germany,Bavaria,84,4.39,10403.49,18-02-2023
618,CON-000618,6,421,In Arrears,Lease,Netherlands,South Holland,180,5.21,41629.72,09-03-2023
619,CON-000619,44,1500,Active,Standard Loan,Germany,Hesse,120,6.82,30664.91,23-11-2024
620,CON-000620,47,1524,Completed,Standard Loan,Germany,Baden-Württemberg,60,8.26,8142.12,01-08-2023
621,CON-000621,4,336,Active,Standard Loan,Germany,Hesse,180,4.46,38249.38,11-08-2023
622,CON-000622,37,1878,In Arrears,Standard Loan,Netherlands,North Holland,120,6.04,10943.66,13-08-2023
623,CON-000623,44,694,Active,Subscription,Germany,Hesse,180,7.01,10803.85,23-12-2022
624,CON-000624,9,686,Active,Standard Loan,Germany,Berlin,120,5.56,31702.01,21-07-2024
625,CON-000625,18,419,Completed,Standard Loan,Germany,Bavaria,180,8.34,17311.72,20-07-2022
626,CON-000626,5,1612,Active,PPA,Austria,Vienna,60,7.28,23913.51,12-08-2024
627,CON-000627,24,1351,Active,Subscription,Germany,Bavaria,120,7.36,41835.64,07-05-2023
628,CON-000628,31,1969,Completed,Standard Loan,Germany,Berlin,120,7.21,25776.61,25-09-2023
629,CON-000629,50,181,Defaulted,Standard Loan,Austria,Styria,84,6.95,23160.1,10-02-2024
630,CON-000630,42,1238,In Arrears,Standard Loan,Germany,North Rhine-Westphalia,120,8,24730.53,27-05-2023
631,CON-000631,2,526,Active,PPA,Germany,Berlin,120,7.85,13527.21,12-01-2023
632,CON-000632,46,1769,Active,Standard Loan,Netherlands,North Holland,84,3.58,25474.66,22-05-2023
633,CON-000633,27,433,Active,Standard Loan,Austria,Upper Austria,240,6.25,16426.35,14-10-2024
634,CON-000634,48,16,Active,Standard Loan,Germany,Lower Saxony,60,8.31,10475.52,10-06-2024
635,CON-000635,47,1584,Active,Lease,Germany,Baden-Württemberg,120,8.28,31365.82,24-03-2024
636,CON-000636,34,1350,In Arrears,Standard Loan,Germany,Baden-Württemberg,120,7.12,37863.6,23-08-2023
637,CON-000637,24,1099,Active,Subscription,Germany,Bavaria,240,6.94,41675.41,08-09-2023
638,CON-000638,25,1260,In Arrears,PPA,Germany,Hesse,120,5.16,15191.98,04-02-2023
639,CON-000639,31,454,Active,Standard Loan,Germany,Berlin,120,4.69,38327.31,28-10-2024
640,CON-000640,28,208,Cancelled,Subscription,Germany,Lower Saxony,84,5.11,27581.72,02-07-2024
641,CON-000641,38,1631,Defaulted,Standard Loan,Netherlands,North Holland,180,7.46,18219.78,20-09-2023
642,CON-000642,12,134,Active,Subscription,Germany,Berlin,180,5.91,13406.45,17-05-2024
643,CON-000643,33,307,Active,Standard Loan,Germany,Lower Saxony,84,8.12,30388.01,30-11-2024
644,CON-000644,45,631,Completed,Standard Loan,Germany,North Rhine-Westphalia,120,7.45,23650.68,01-12-2023
645,CON-000645,14,1522,Completed,Subscription,Germany,Baden-Württemberg,60,6.72,23592.66,30-03-2022
646,CON-000646,24,342,Active,Lease,Germany,Bavaria,120,7.29,11986.56,16-07-2023
647,CON-000647,24,1977,Active,Standard Loan,Germany,Bavaria,120,3.58,9939.67,17-06-2023
648,CON-000648,8,952,Active,Standard Loan,Germany,Berlin,120,6.64,31914.15,23-08-2023
649,CON-000649,43,1814,Active,Lease,Netherlands,North Brabant,120,7.28,9457.11,26-12-2022
650,CON-000650,37,775,Active,Standard Loan,Netherlands,North Holland,84,4.01,14045.12,20-08-2023
651,CON-000651,19,917,Active,Standard Loan,Germany,Hesse,180,5.96,28169.12,01-06-2023
652,CON-000652,42,1760,Active,Standard Loan,Germany,North Rhine-Westphalia,84,7.31,40140.61,13-07-2023
653,CON-000653,36,1968,Active,Standard Loan,Austria,Styria,180,4.63,9568.61,23-10-2024
654,CON-000654,44,692,Active,Standard Loan,Germany,Hesse,120,6.67,22644.92,09-05-2023
655,CON-000655,2,1517,Active,Lease,Germany,Berlin,120,3.7,29817.74,22-04-2023
656,CON-000656,32,1411,Cancelled,Lease,Germany,Lower Saxony,180,5.49,13633.47,25-09-2024
657,CON-000657,35,1325,Active,Standard Loan,Germany,Lower Saxony,120,4.3,15458.68,05-06-2024
658,CON-000658,18,585,Active,PPA,Germany,Bavaria,180,5.76,24485.11,12-11-2022
659,CON-000659,11,376,Active,Lease,Germany,Baden-Württemberg,180,7.21,40346.67,15-02-2024
660,CON-000660,39,1537,Active,Standard Loan,Germany,Berlin,84,6.47,19224.71,12-05-2024
661,CON-000661,45,213,Active,Standard Loan,Germany,North Rhine-Westphalia,120,5.05,16007.67,10-02-2023
662,CON-000662,37,287,Active,Lease,Netherlands,North Holland,240,6.51,14114.52,22-09-2024
663,CON-000663,15,1770,In Arrears,Standard Loan,Germany,Berlin,60,4.04,8010.02,06-09-2023
664,CON-000664,1,1819,Active,Standard Loan,Germany,Bavaria,120,5.41,29020.1,05-06-2022
665,CON-000665,10,731,Defaulted,Standard Loan,Germany,Lower Saxony,60,5.59,8828.6,21-08-2023
666,CON-000666,14,55,In Arrears,PPA,Germany,Baden-Württemberg,240,8.07,12452.03,29-08-2024
667,CON-000667,45,1235,Active,Lease,Germany,North Rhine-Westphalia,60,3.93,16687.7,28-12-2022
668,CON-000668,14,1671,Active,Standard Loan,Germany,Baden-Württemberg,60,6.96,15972.6,09-07-2023
669,CON-000669,3,852,Active,Standard Loan,Germany,North Rhine-Westphalia,120,8.36,29340.15,23-09-2024
670,CON-000670,41,1564,Active,Subscription,Germany,Lower Saxony,180,4.51,17889.52,13-08-2023
671,CON-000671,10,1414,Active,Subscription,Germany,Lower Saxony,60,6.75,40320.27,11-11-2024
672,CON-000672,26,1507,Completed,Lease,Germany,Berlin,120,3.94,21589.99,26-12-2022
673,CON-000673,21,1987,Active,Standard Loan,Germany,Lower Saxony,120,5.1,31654.62,17-11-2024
674,CON-000674,50,1179,Active,Standard Loan,Austria,Styria,180,7.26,26296.9,17-11-2022
675,CON-000675,33,1074,Active,Lease,Germany,Lower Saxony,240,6.73,24678.44,14-01-2024
676,CON-000676,45,1185,Active,PPA,Germany,North Rhine-Westphalia,240,4.23,20641.05,29-11-2024
677,CON-000677,31,546,Defaulted,Subscription,Germany,Berlin,180,5.48,38467.4,01-06-2023
678,CON-000678,30,113,Active,Lease,Austria,Vienna,60,8.17,32591.57,14-10-2023
679,CON-000679,18,215,Completed,Standard Loan,Germany,Bavaria,180,5.37,42666.34,31-07-2024
680,CON-000680,19,701,Active,PPA,Germany,Hesse,240,4.63,31824.38,23-07-2024
681,CON-000681,37,1944,Active,Standard Loan,Netherlands,North Holland,180,5.98,41886.22,09-11-2024
682,CON-000682,40,280,Active,Standard Loan,Germany,Bavaria,120,3.98,38136.29,06-06-2023
683,CON-000683,7,1034,Active,Standard Loan,Germany,Bavaria,60,4.77,43187.47,27-09-2024
684,CON-000684,37,1869,Cancelled,Lease,Netherlands,North Holland,120,5.02,30912.54,13-07-2024
685,CON-000685,33,93,Active,PPA,Germany,Lower Saxony,120,5.26,17463.94,12-03-2023
686,CON-000686,40,333,Active,Standard Loan,Germany,Bavaria,180,6.6,20989.03,10-01-2024
687,CON-000687,3,1501,Active,Lease,Germany,North Rhine-Westphalia,120,6.22,11069.69,09-08-2022
688,CON-000688,47,1791,Active,PPA,Germany,Baden-Württemberg,84,8.42,9270.66,03-01-2024
689,CON-000689,43,326,Active,Standard Loan,Netherlands,North Brabant,60,6.92,29956.88,06-05-2023
690,CON-000690,27,1189,Active,Standard Loan,Austria,Upper Austria,120,6.99,22362.59,20-12-2022
691,CON-000691,32,1210,In Arrears,Lease,Germany,Lower Saxony,84,5.76,39581.54,04-08-2023
692,CON-000692,23,1821,Completed,Subscription,Germany,North Rhine-Westphalia,84,5.93,8210.62,22-05-2023
693,CON-000693,41,1248,Active,PPA,Germany,Lower Saxony,84,7.83,29592.08,04-05-2023
694,CON-000694,48,472,Active,Standard Loan,Germany,Lower Saxony,84,7.2,43026.88,14-01-2023
695,CON-000695,37,1335,Active,Standard Loan,Netherlands,North Holland,180,5.34,28108.93,30-11-2024
696,CON-000696,37,287,Active,Subscription,Netherlands,North Holland,120,8.24,21232.78,09-09-2023
697,CON-000697,46,1237,Active,Lease,Netherlands,North Holland,60,3.93,14911.26,18-03-2023
698,CON-000698,30,130,Active,Standard Loan,Austria,Vienna,180,4.43,23290.46,22-11-2024
699,CON-000699,9,313,In Arrears,Lease,Germany,Berlin,120,5.36,26877.25,10-11-2024
700,CON-000700,14,613,Completed,Standard Loan,Germany,Baden-Württemberg,180,4.19,42067.07,09-01-2023
701,CON-000701,25,671,Active,Lease,Germany,Hesse,84,6.27,31200.1,02-06-2022
702,CON-000702,43,1136,Active,Standard Loan,Netherlands,North Brabant,60,6.07,44532.38,28-04-2024
703,CON-000703,40,1426,Completed,Standard Loan,Germany,Bavaria,240,7.64,23036.48,09-11-2023
704,CON-000704,18,1796,Completed,Lease,Germany,Bavaria,180,8.15,22458.72,26-01-2023
705,CON-000705,8,312,Active,Standard Loan,Germany,Berlin,120,5.53,40259.23,21-10-2024
706,CON-000706,29,1378,Active,PPA,Germany,Hesse,120,3.65,10454.36,12-02-2023
707,CON-000707,9,1758,Active,PPA,Germany,Berlin,120,4.9,32056.17,06-12-2023
708,CON-000708,33,413,Active,Subscription,Germany,Lower Saxony,120,5.43,40232.88,03-06-2024
709,CON-000709,33,804,In Arrears,Lease,Germany,Lower Saxony,84,5.19,33582.69,17-09-2024
710,CON-000710,34,1546,Active,Subscription,Germany,Baden-Württemberg,120,4.86,18691.04,03-12-2023
711,CON-000711,46,1816,Active,Lease,Netherlands,North Holland,240,4.46,20394.94,06-11-2023
712,CON-000712,36,1097,Active,Standard Loan,Austria,Styria,180,4.2,36486.63,07-10-2024
713,CON-000713,30,1235,Active,Standard Loan,Austria,Vienna,120,6.1,12336.8,29-05-2024
714,CON-000714,33,1214,Active,Standard Loan,Germany,Lower Saxony,84,6.74,26387.36,19-01-2024
715,CON-000715,14,1278,Active,Standard Loan,Germany,Baden-Württemberg,120,4.77,10665.86,06-09-2023
716,CON-000716,30,1365,Active,Subscription,Austria,Vienna,84,8.17,42328.81,11-05-2022
717,CON-000717,32,580,Active,Standard Loan,Germany,Lower Saxony,120,4.83,44318.37,22-10-2023
718,CON-000718,23,1355,Defaulted,Standard Loan,Germany,North Rhine-Westphalia,84,5.31,37648.09,26-07-2023
719,CON-000719,30,901,In Arrears,Lease,Austria,Vienna,60,7.22,23660.76,14-05-2024
720,CON-000720,1,50,Active,Lease,Germany,Bavaria,180,4.92,16905.17,05-03-2024
721,CON-000721,40,949,Active,Standard Loan,Germany,Bavaria,180,4.26,28487.28,01-11-2023
722,CON-000722,42,929,Active,Subscription,Germany,North Rhine-Westphalia,120,3.59,13934.64,04-11-2022
723,CON-000723,42,1350,Active,Standard Loan,Germany,North Rhine-Westphalia,180,4.6,25001.74,18-12-2022
724,CON-000724,6,543,Active,Standard Loan,Netherlands,South Holland,120,7.8,39434.81,05-01-2024
725,CON-000725,43,750,Active,Standard Loan,Netherlands,North Brabant,120,7.2,22225.59,09-06-2023
726,CON-000726,30,594,Active,Standard Loan,Austria,Vienna,180,5.68,40380.43,22-08-2024
727,CON-000727,28,615,Active,PPA,Germany,Lower Saxony,180,5.36,34027.89,21-08-2023
728,CON-000728,11,190,Active,PPA,Germany,Baden-Württemberg,120,7.07,41242.75,04-03-2024
729,CON-000729,49,969,Active,Standard Loan,Germany,Hesse,84,6.99,24733.09,14-12-2023
730,CON-000730,21,84,Active,Standard Loan,Germany,Lower Saxony,240,3.95,17432.25,24-09-2024
731,CON-000731,50,1455,Active,Standard Loan,Austria,Styria,84,6.43,27135.28,08-12-2022
732,CON-000732,21,1715,Active,Standard Loan,Germany,Lower Saxony,60,8.08,11417.94,05-06-2024
733,CON-000733,47,1337,Active,Standard Loan,Germany,Baden-Württemberg,84,5.68,40227.32,19-11-2023
734,CON-000734,9,914,Completed,Lease,Germany,Berlin,180,6.36,36974.73,25-02-2023
735,CON-000735,15,132,Active,Lease,Germany,Berlin,180,4.68,37885.96,03-03-2024
736,CON-000736,5,478,Active,Standard Loan,Austria,Vienna,180,6.17,36825.19,06-11-2024
737,CON-000737,10,436,Active,Standard Loan,Germany,Lower Saxony,84,3.54,39650.07,12-02-2023
738,CON-000738,27,1480,Active,PPA,Austria,Upper Austria,84,5.85,39321.87,03-11-2022
739,CON-000739,24,1905,In Arrears,Subscription,Germany,Bavaria,180,4.31,30422.4,29-05-2023
740,CON-000740,8,1244,Active,Standard Loan,Germany,Berlin,180,6.89,22615.63,27-01-2024
741,CON-000741,29,1073,Active,PPA,Germany,Hesse,120,6.53,34579.17,13-05-2024
742,CON-000742,29,676,Active,Subscription,Germany,Hesse,180,4.13,9347.42,26-04-2024
743,CON-000743,43,1054,Active,Standard Loan,Netherlands,North Brabant,120,5.38,21824.07,22-09-2024
744,CON-000744,23,1487,Completed,Standard Loan,Germany,North Rhine-Westphalia,120,6.45,36073.98,02-08-2023
745,CON-000745,8,454,Active,Standard Loan,Germany,Berlin,120,5.5,34376.94,27-10-2023
746,CON-000746,49,1158,Active,Standard Loan,Germany,Hesse,180,8.11,18930.47,13-10-2022
747,CON-000747,21,1471,Active,Standard Loan,Germany,Lower Saxony,60,4.97,38380.49,17-09-2024
748,CON-000748,49,134,In Arrears,Standard Loan,Germany,Hesse,120,4.47,42113.46,25-07-2022
749,CON-000749,37,1165,Active,Lease,Netherlands,North Holland,120,6.65,21736.86,07-07-2023
750,CON-000750,18,595,Active,PPA,Germany,Bavaria,60,6.08,12562.02,24-07-2023
751,CON-000751,3,1731,Active,Lease,Germany,North Rhine-Westphalia,240,4.27,38514.38,30-06-2022
752,CON-000752,38,805,Active,Standard Loan,Netherlands,North Holland,84,8.07,11448.02,12-01-2023
753,CON-000753,16,1610,Defaulted,Standard Loan,Germany,Berlin,120,4.47,37580.45,30-12-2022
754,CON-000754,31,1935,Active,Standard Loan,Germany,Berlin,60,3.83,39777.1,06-06-2023
755,CON-000755,5,267,Active,PPA,Austria,Vienna,240,5.97,10958.87,09-01-2023
756,CON-000756,34,491,Cancelled,Lease,Germany,Baden-Württemberg,120,8.28,29350.61,17-07-2024
757,CON-000757,35,941,Completed,PPA,Germany,Lower Saxony,180,7.68,29821.84,25-10-2023
758,CON-000758,13,983,Active,Lease,Germany,North Rhine-Westphalia,120,5.14,26826.9,17-05-2024
759,CON-000759,21,55,Completed,Standard Loan,Germany,Lower Saxony,180,4.79,38490.55,11-07-2024
760,CON-000760,49,1249,Active,Lease,Germany,Hesse,240,6.99,26716.22,20-10-2022
761,CON-000761,16,1360,Defaulted,Standard Loan,Germany,Berlin,120,8.14,10453.86,13-03-2024
762,CON-000762,42,590,Active,Standard Loan,Germany,North Rhine-Westphalia,240,5.17,21704.06,07-08-2023
763,CON-000763,50,854,Active,Standard Loan,Austria,Styria,120,5.53,39429.65,29-07-2023
764,CON-000764,9,54,Active,Standard Loan,Germany,Berlin,180,4,11045.48,13-12-2023
765,CON-000765,23,524,Active,Subscription,Germany,North Rhine-Westphalia,240,3.51,14570.2,07-08-2023
766,CON-000766,21,683,Active,Standard Loan,Germany,Lower Saxony,180,3.94,14113.2,09-08-2024
767,CON-000767,50,1326,Active,Subscription,Austria,Styria,180,7.61,15113.18,29-07-2022
768,CON-000768,6,897,Active,Standard Loan,Netherlands,South Holland,180,3.86,30671.27,15-11-2024
769,CON-000769,43,276,Active,PPA,Netherlands,North Brabant,180,3.98,30439.89,14-05-2024
770,CON-000770,36,292,Active,PPA,Austria,Styria,120,6.04,18865.17,17-07-2024
771,CON-000771,12,452,Active,Standard Loan,Germany,Berlin,180,4.55,25067.61,30-03-2024
772,CON-000772,44,826,Active,Standard Loan,Germany,Hesse,84,7.11,18451.58,15-09-2023
773,CON-000773,13,1657,Active,Subscription,Germany,North Rhine-Westphalia,84,6.72,42875.41,22-04-2024
774,CON-000774,12,729,In Arrears,PPA,Germany,Berlin,120,5.45,20768.17,22-06-2023
775,CON-000775,42,202,Active,Standard Loan,Germany,North Rhine-Westphalia,120,6.79,22707.12,20-07-2024
776,CON-000776,18,1740,Completed,Standard Loan,Germany,Bavaria,180,8.29,35806.02,18-09-2023
777,CON-000777,44,108,Defaulted,Standard Loan,Germany,Hesse,120,5.93,44569.65,24-02-2023
778,CON-000778,33,1236,Active,Lease,Germany,Lower Saxony,180,5.59,36521.82,03-09-2023
779,CON-000779,42,494,Active,Lease,Germany,North Rhine-Westphalia,84,7.36,43863.14,12-04-2022
780,CON-000780,43,1207,Active,Lease,Netherlands,North Brabant,120,7.95,44764.35,17-12-2022
781,CON-000781,23,1536,Completed,Standard Loan,Germany,North Rhine-Westphalia,120,7.1,28243.56,14-04-2023
782,CON-000782,18,1018,Active,PPA,Germany,Bavaria,240,3.81,38693.45,15-04-2024
783,CON-000783,31,793,Completed,PPA,Germany,Berlin,84,4.82,40985.99,30-06-2024
784,CON-000784,36,45,Active,Standard Loan,Austria,Styria,120,6.15,9500.13,18-06-2024
785,CON-000785,23,580,Active,PPA,Germany,North Rhine-Westphalia,120,8,42776.93,10-12-2023
786,CON-000786,38,302,In Arrears,Standard Loan,Netherlands,North Holland,120,6.5,9894.24,01-11-2024
787,CON-000787,36,489,Active,Standard Loan,Austria,Styria,180,8.13,22393.98,27-01-2024
788,CON-000788,36,1989,Defaulted,Subscription,Austria,Styria,60,6.73,43023.41,05-07-2024
789,CON-000789,38,1054,Active,Standard Loan,Netherlands,North Holland,180,5.58,41520.32,13-06-2023
790,CON-000790,47,882,Active,Subscription,Germany,Baden-Württemberg,180,6.7,10820.35,31-07-2024
791,CON-000791,49,1063,Active,Standard Loan,Germany,Hesse,180,8.22,43710.32,13-07-2024
792,CON-000792,7,625,Active,PPA,Germany,Bavaria,120,4.11,32715.94,01-05-2024
793,CON-000793,19,1477,Completed,PPA,Germany,Hesse,120,4.75,8674.42,25-12-2022
794,CON-000794,6,235,Active,Subscription,Netherlands,South Holland,120,6.11,33512.6,23-07-2023
795,CON-000795,40,1518,Completed,Standard Loan,Germany,Bavaria,180,7.46,23998.86,18-10-2023
796,CON-000796,9,1578,In Arrears,Standard Loan,Germany,Berlin,180,7.24,10475.32,01-04-2024
797,CON-000797,36,512,Defaulted,Standard Loan,Austria,Styria,120,5.79,19921.92,08-08-2024
798,CON-000798,10,1618,Completed,Subscription,Germany,Lower Saxony,240,8.17,32002.52,22-08-2022
799,CON-000799,44,184,Active,Standard Loan,Germany,Hesse,60,6.1,36346.63,23-10-2024
800,CON-000800,30,574,Active,Standard Loan,Austria,Vienna,120,6.62,9201.76,21-04-2024
801,CON-000801,42,1821,Active,PPA,Germany,North Rhine-Westphalia,84,8.2,32598.48,05-09-2024
802,CON-000802,50,1097,In Arrears,Lease,Austria,Styria,120,3.87,27645.61,05-11-2024
803,CON-000803,21,1133,Active,PPA,Germany,Lower Saxony,120,7.06,40171.68,03-07-2024
804,CON-000804,20,851,Active,Standard Loan,Austria,Styria,180,5.09,12577.9,08-05-2023
805,CON-000805,17,1799,Active,Standard Loan,Germany,North Rhine-Westphalia,120,7.8,38028.35,17-04-2024
806,CON-000806,30,129,Active,Standard Loan,Austria,Vienna,120,8.15,19540.01,05-09-2024
807,CON-000807,39,1628,Active,Standard Loan,Germany,Berlin,240,6.44,11952.66,26-09-2022
808,CON-000808,30,574,Active,Subscription,Austria,Vienna,240,7.98,17160.3,30-10-2023
809,CON-000809,37,1078,Active,PPA,Netherlands,North Holland,120,7.14,12686.47,29-06-2023
810,CON-000810,36,485,Completed,PPA,Austria,Styria,60,6.11,18112.63,24-06-2024
811,CON-000811,10,822,Completed,Standard Loan,Germany,Lower Saxony,120,6.57,22372.32,04-10-2022
812,CON-000812,8,1386,Active,Standard Loan,Germany,Berlin,240,4.94,17214.14,29-09-2023
813,CON-000813,36,1868,Active,Standard Loan,Austria,Styria,120,4.46,17358.64,26-01-2024
814,CON-000814,35,1431,Active,Lease,Germany,Lower Saxony,84,3.7,44931.36,28-01-2024
815,CON-000815,36,484,Active,Lease,Austria,Styria,120,4.06,8104.25,19-03-2024
816,CON-000816,21,367,Completed,Standard Loan,Germany,Lower Saxony,84,7.12,37067.11,24-09-2024
817,CON-000817,21,164,Active,Standard Loan,Germany,Lower Saxony,120,4.51,31496.91,28-06-2024
818,CON-000818,44,1254,Active,Standard Loan,Germany,Hesse,84,5.94,18134.21,21-04-2024
819,CON-000819,24,63,Active,Standard Loan,Germany,Bavaria,180,6.12,15542.08,08-04-2023
820,CON-000820,15,1652,Active,Standard Loan,Germany,Berlin,120,7.31,10415.92,09-01-2023
821,CON-000821,11,1118,Active,Standard Loan,Germany,Baden-Württemberg,240,4.85,25772.96,17-05-2024
822,CON-000822,41,1506,Active,Lease,Germany,Lower Saxony,84,8.24,26858.82,26-11-2023
823,CON-000823,29,885,Active,Subscription,Germany,Hesse,180,6.08,19478.04,02-09-2023
824,CON-000824,6,563,Active,Lease,Netherlands,South Holland,180,7.29,32732.54,09-11-2023
825,CON-000825,42,252,Active,Lease,Germany,North Rhine-Westphalia,180,8.39,8124.72,14-10-2022
826,CON-000826,30,1810,Active,Lease,Austria,Vienna,120,4.44,35106.9,05-03-2022
827,CON-000827,14,1120,Active,Standard Loan,Germany,Baden-Württemberg,180,8.3,28912.98,20-04-2023
828,CON-000828,35,1675,Active,Standard Loan,Germany,Lower Saxony,60,5.18,25441.2,15-04-2024
829,CON-000829,12,1970,Active,PPA,Germany,Berlin,180,4.02,41149.24,04-06-2023
830,CON-000830,11,1496,Active,Standard Loan,Germany,Baden-Württemberg,84,8.45,28297.02,30-03-2023
831,CON-000831,21,1103,Active,PPA,Germany,Lower Saxony,240,5.55,44678.68,14-02-2024
832,CON-000832,45,195,Active,Subscription,Germany,North Rhine-Westphalia,180,3.97,17261.72,02-03-2023
833,CON-000833,13,882,In Arrears,PPA,Germany,North Rhine-Westphalia,120,6.79,33747.15,08-12-2023
834,CON-000834,12,1012,Active,Standard Loan,Germany,Berlin,84,6.02,16485.18,21-04-2024
835,CON-000835,37,601,In Arrears,Lease,Netherlands,North Holland,120,4.32,35339.33,17-09-2024
836,CON-000836,36,493,Active,Standard Loan,Austria,Styria,84,3.73,14637.49,17-02-2024
837,CON-000837,4,682,Active,Lease,Germany,Hesse,84,4.09,41752.93,11-06-2024
838,CON-000838,45,1490,Active,Standard Loan,Germany,North Rhine-Westphalia,120,6.94,38843.93,05-06-2024
839,CON-000839,3,1400,Active,Standard Loan,Germany,North Rhine-Westphalia,84,7.32,15836.05,22-06-2024
840,CON-000840,12,1543,Cancelled,Lease,Germany,Berlin,180,7.07,40701.66,15-02-2024
841,CON-000841,49,878,Active,Lease,Germany,Hesse,180,4.29,44897.05,19-04-2023
842,CON-000842,49,203,Cancelled,PPA,Germany,Hesse,180,5.73,19682.02,01-02-2024
843,CON-000843,43,359,Defaulted,Standard Loan,Netherlands,North Brabant,120,6.18,42308.16,08-01-2023
844,CON-000844,37,773,Active,Standard Loan,Netherlands,North Holland,180,6.17,39715.5,02-02-2024
845,CON-000845,36,1642,Active,Standard Loan,Austria,Styria,60,4.4,40404.57,06-02-2024
846,CON-000846,43,438,Active,Standard Loan,Netherlands,North Brabant,84,6.26,20547.14,26-05-2022
847,CON-000847,18,1129,Completed,Lease,Germany,Bavaria,60,5.95,39002.35,11-01-2023
848,CON-000848,6,699,Active,Standard Loan,Netherlands,South Holland,60,7.1,28228.87,21-05-2024
849,CON-000849,15,430,Active,Standard Loan,Germany,Berlin,60,3.56,9010.91,25-01-2023
850,CON-000850,42,346,Active,Lease,Germany,North Rhine-Westphalia,84,7.21,31570.45,06-03-2023
851,CON-000851,26,179,Active,Lease,Germany,Berlin,180,6.2,21746.96,31-01-2024
852,CON-000852,37,1901,Active,PPA,Netherlands,North Holland,120,4.08,41827.58,27-04-2024
853,CON-000853,14,277,Active,PPA,Germany,Baden-Württemberg,84,6.84,27980.49,14-06-2024
854,CON-000854,9,622,Active,Standard Loan,Germany,Berlin,120,7.44,19622.2,14-09-2023
855,CON-000855,3,1313,Active,Standard Loan,Germany,North Rhine-Westphalia,180,5.39,31556.71,02-08-2023
856,CON-000856,9,558,Active,Lease,Germany,Berlin,84,4.25,17968.14,28-03-2023
857,CON-000857,20,3,In Arrears,Standard Loan,Austria,Styria,120,7.15,28444.1,22-10-2024
858,CON-000858,21,370,Completed,PPA,Germany,Lower Saxony,120,5.28,44953.42,20-11-2024
859,CON-000859,49,845,Active,Standard Loan,Germany,Hesse,84,3.82,17909,06-11-2023
860,CON-000860,21,1375,Active,Lease,Germany,Lower Saxony,180,8.08,35324.73,12-04-2024
861,CON-000861,49,54,Active,Standard Loan,Germany,Hesse,240,5.99,42443.29,28-11-2023
862,CON-000862,40,1184,Active,Standard Loan,Germany,Bavaria,120,4.71,32900.99,08-01-2023
863,CON-000863,36,392,Active,Standard Loan,Austria,Styria,120,6.85,35030.42,22-08-2024
864,CON-000864,13,456,Active,Standard Loan,Germany,North Rhine-Westphalia,120,7.13,27547.88,11-07-2023
865,CON-000865,41,1396,Active,Standard Loan,Germany,Lower Saxony,180,4.96,44341.71,09-12-2022
866,CON-000866,40,1010,Active,Lease,Germany,Bavaria,84,7.44,34681.59,17-12-2022
867,CON-000867,10,1960,Active,Standard Loan,Germany,Lower Saxony,60,3.92,21959.03,20-08-2024
868,CON-000868,15,1214,Active,Standard Loan,Germany,Berlin,120,8.09,36565.37,21-06-2024
869,CON-000869,30,57,Active,Lease,Austria,Vienna,180,4.88,34843.3,02-09-2022
870,CON-000870,37,895,Active,Subscription,Netherlands,North Holland,60,6.93,10128.37,25-05-2024
871,CON-000871,11,762,Defaulted,Standard Loan,Germany,Baden-Württemberg,84,6.13,29723.5,13-01-2024
872,CON-000872,38,433,Active,Lease,Netherlands,North Holland,84,3.97,30194.64,20-11-2024
873,CON-000873,42,933,Active,Standard Loan,Germany,North Rhine-Westphalia,240,4.71,11382.49,22-12-2023
874,CON-000874,8,1120,Active,Standard Loan,Germany,Berlin,60,5.53,9286.03,23-03-2023
875,CON-000875,40,443,Active,Standard Loan,Germany,Bavaria,180,5.14,22405.6,26-03-2024
876,CON-000876,30,524,Active,PPA,Austria,Vienna,60,8.06,15722.03,02-09-2024
877,CON-000877,32,1035,Active,Standard Loan,Germany,Lower Saxony,84,4.14,30096.28,18-05-2023
878,CON-000878,25,1061,Cancelled,PPA,Germany,Hesse,180,7.62,30054.67,18-11-2022
879,CON-000879,36,1784,Active,Standard Loan,Austria,Styria,180,4.17,10143.97,06-10-2024
880,CON-000880,7,1389,Active,PPA,Germany,Bavaria,120,6.2,16356.23,11-06-2024
881,CON-000881,32,1086,Active,Standard Loan,Germany,Lower Saxony,84,7.57,13834.09,11-05-2023
882,CON-000882,15,878,Completed,Standard Loan,Germany,Berlin,60,8.17,33730.43,14-03-2023
883,CON-000883,29,1643,Active,Standard Loan,Germany,Hesse,180,6.65,36786.68,10-01-2023
884,CON-000884,21,684,Completed,Subscription,Germany,Lower Saxony,120,3.98,35614.69,03-03-2024
885,CON-000885,48,1904,Cancelled,PPA,Germany,Lower Saxony,120,4.52,22451.82,24-09-2022
886,CON-000886,3,111,Completed,Standard Loan,Germany,North Rhine-Westphalia,60,8.2,15875.58,03-09-2024
887,CON-000887,18,816,Active,PPA,Germany,Bavaria,120,4.42,29165.54,26-09-2023
888,CON-000888,23,751,Active,Subscription,Germany,North Rhine-Westphalia,180,8.42,38761.49,29-07-2023
889,CON-000889,7,1175,Active,Standard Loan,Germany,Bavaria,60,6.14,24554.91,21-05-2024
890,CON-000890,36,283,Active,Standard Loan,Austria,Styria,84,3.73,16648.66,25-08-2024
891,CON-000891,36,1828,In Arrears,Lease,Austria,Styria,60,7.61,26773.78,18-11-2024
892,CON-000892,5,1391,Active,Standard Loan,Austria,Vienna,84,3.58,44828.45,02-03-2024
893,CON-000893,40,1327,Completed,PPA,Germany,Bavaria,240,5.6,31105.9,03-08-2024
894,CON-000894,36,909,Active,Subscription,Austria,Styria,180,6.5,35001.05,22-10-2024
895,CON-000895,24,312,Active,Lease,Germany,Bavaria,84,7.42,29433.34,05-12-2023
896,CON-000896,9,138,In Arrears,Standard Loan,Germany,Berlin,60,6,19454.95,20-09-2023
897,CON-000897,10,1106,Completed,PPA,Germany,Lower Saxony,180,7.54,16252.03,10-02-2023
898,CON-000898,23,995,Active,Standard Loan,Germany,North Rhine-Westphalia,120,7,44630.84,30-04-2023
899,CON-000899,7,888,In Arrears,Standard Loan,Germany,Bavaria,180,4.37,15988.55,02-12-2022
900,CON-000900,33,103,Active,Lease,Germany,Lower Saxony,240,6.75,41245.31,16-10-2024
901,CON-000901,1,1389,Active,Standard Loan,Germany,Bavaria,180,7.99,43520.76,23-03-2023
902,CON-000902,37,664,Completed,Lease,Netherlands,North Holland,60,7.52,37010.81,26-05-2024
903,CON-000903,9,1666,Active,PPA,Germany,Berlin,180,5.41,21996.96,26-02-2023
904,CON-000904,1,961,Completed,PPA,Germany,Bavaria,60,7.65,40644.61,15-08-2023
905,CON-000905,17,537,Active,Standard Loan,Germany,North Rhine-Westphalia,180,4.76,15105.51,07-10-2024
906,CON-000906,42,127,Active,PPA,Germany,North Rhine-Westphalia,120,7.99,39621.57,13-09-2023
907,CON-000907,1,804,Active,Standard Loan,Germany,Bavaria,120,5.45,40753.65,13-11-2023
908,CON-000908,43,807,Active,PPA,Netherlands,North Brabant,84,3.91,15153.32,09-08-2023
909,CON-000909,42,1933,In Arrears,Lease,Germany,North Rhine-Westphalia,120,3.78,31986.55,16-06-2022
910,CON-000910,43,736,Active,Standard Loan,Netherlands,North Brabant,120,4.39,31292.88,19-06-2023
911,CON-000911,21,1883,Active,Standard Loan,Germany,Lower Saxony,84,4.9,8622.26,15-08-2024
912,CON-000912,15,1909,Active,Standard Loan,Germany,Berlin,180,7.13,36229.76,29-03-2024
913,CON-000913,2,675,In Arrears,Lease,Germany,Berlin,180,7.12,38562.22,26-03-2024
914,CON-000914,47,1987,In Arrears,Standard Loan,Germany,Baden-Württemberg,60,8.18,32961.4,19-10-2023
915,CON-000915,24,711,Active,Standard Loan,Germany,Bavaria,240,5.07,34452,21-06-2023
916,CON-000916,49,1599,In Arrears,Subscription,Germany,Hesse,240,5.82,15581.93,25-11-2023
917,CON-000917,36,1029,Active,Lease,Austria,Styria,60,4.06,35762.49,20-02-2024
918,CON-000918,36,1455,Active,PPA,Austria,Styria,120,8.38,21911.3,08-08-2024
919,CON-000919,30,57,Active,Standard Loan,Austria,Vienna,60,8.31,39988.65,31-10-2023
920,CON-000920,21,1302,Active,PPA,Germany,Lower Saxony,120,4.92,9957.3,28-03-2024
921,CON-000921,21,566,Active,Subscription,Germany,Lower Saxony,240,7.2,26487.36,21-04-2024
922,CON-000922,5,1731,Active,Standard Loan,Austria,Vienna,60,5.96,38363.49,08-05-2024
923,CON-000923,35,46,Active,Lease,Germany,Lower Saxony,84,6.23,35178.27,21-07-2024
924,CON-000924,33,1643,Active,Standard Loan,Germany,Lower Saxony,180,4.66,38434.13,19-04-2024
925,CON-000925,28,135,Active,Standard Loan,Germany,Lower Saxony,120,5.19,29179.74,17-04-2023
926,CON-000926,37,490,Active,PPA,Netherlands,North Holland,120,8.14,12402.81,23-08-2024
927,CON-000927,26,723,Active,Standard Loan,Germany,Berlin,180,4.23,37318.95,21-04-2024
928,CON-000928,30,1128,Active,Standard Loan,Austria,Vienna,84,4.62,20924.24,11-07-2024
929,CON-000929,21,1573,Cancelled,Lease,Germany,Lower Saxony,60,5.18,44588.31,14-08-2024
930,CON-000930,21,1048,Active,Lease,Germany,Lower Saxony,120,7.35,14445.94,17-03-2024
931,CON-000931,49,352,Active,Lease,Germany,Hesse,120,6.17,33228.89,26-06-2022
932,CON-000932,41,1981,Completed,Subscription,Germany,Lower Saxony,84,8.09,39482.28,09-04-2023
933,CON-000933,36,1800,In Arrears,Lease,Austria,Styria,120,7.1,34519.79,01-09-2024
934,CON-000934,16,1010,Active,Standard Loan,Germany,Berlin,180,6.06,31292.09,27-10-2024
935,CON-000935,24,1850,Active,Standard Loan,Germany,Bavaria,240,7.26,9324.58,19-05-2024
936,CON-000936,47,848,Active,Standard Loan,Germany,Baden-Württemberg,120,5.45,15251.58,02-08-2024
937,CON-000937,34,1534,Active,Standard Loan,Germany,Baden-Württemberg,60,6.57,34618.12,05-05-2024
938,CON-000938,30,1253,Active,PPA,Austria,Vienna,240,6.03,34585.97,13-10-2023
939,CON-000939,18,1512,Active,Lease,Germany,Bavaria,240,3.69,31802.31,30-11-2023
940,CON-000940,21,516,Completed,PPA,Germany,Lower Saxony,120,6.98,40671.76,09-06-2024
941,CON-000941,21,1012,Active,Standard Loan,Germany,Lower Saxony,180,6.35,9133.46,27-07-2024
942,CON-000942,30,1801,Active,Standard Loan,Austria,Vienna,180,4.84,14754.57,17-02-2023
943,CON-000943,8,809,Active,Lease,Germany,Berlin,120,6.69,31456.11,21-04-2024
944,CON-000944,14,566,Cancelled,Lease,Germany,Baden-Württemberg,84,8.2,28208.74,08-08-2024
945,CON-000945,6,94,Active,Standard Loan,Netherlands,South Holland,60,6.9,20131.58,17-11-2023
946,CON-000946,50,1975,Active,Lease,Austria,Styria,120,8.34,14358.72,05-06-2023
947,CON-000947,18,1340,Active,Standard Loan,Germany,Bavaria,120,4.62,44682.88,14-06-2024
948,CON-000948,20,900,Active,Standard Loan,Austria,Styria,120,8.28,43134.35,25-12-2023
949,CON-000949,26,1971,Active,Lease,Germany,Berlin,84,4.47,31240.73,02-08-2023
950,CON-000950,28,1877,Cancelled,Lease,Germany,Lower Saxony,84,5.91,25917.22,24-09-2024
951,CON-000951,37,1170,Active,Standard Loan,Netherlands,North Holland,180,3.93,21476.28,13-03-2024
952,CON-000952,6,1732,Defaulted,PPA,Netherlands,South Holland,84,7.14,21546.07,19-09-2023
953,CON-000953,25,1935,Active,Lease,Germany,Hesse,60,7.49,24551.09,12-08-2023
954,CON-000954,48,190,Cancelled,PPA,Germany,Lower Saxony,180,4.92,36481.1,18-05-2024
955,CON-000955,10,580,Active,Standard Loan,Germany,Lower Saxony,240,4.11,29894.19,28-01-2024
956,CON-000956,38,490,Active,PPA,Netherlands,North Holland,60,5.3,16695.37,20-12-2023
957,CON-000957,21,219,In Arrears,PPA,Germany,Lower Saxony,120,8.06,36706.79,27-07-2024
958,CON-000958,32,145,Active,Standard Loan,Germany,Lower Saxony,120,5.71,19050.06,30-04-2024
959,CON-000959,39,1915,Completed,PPA,Germany,Berlin,180,7.16,23612.69,28-12-2023
960,CON-000960,43,1927,In Arrears,PPA,Netherlands,North Brabant,84,8.29,41688.01,08-08-2023
961,CON-000961,23,284,Active,Standard Loan,Germany,North Rhine-Westphalia,240,3.53,9457.88,22-07-2023
962,CON-000962,35,1248,In Arrears,Standard Loan,Germany,Lower Saxony,60,4.68,31778.07,11-01-2024
963,CON-000963,18,754,Active,Lease,Germany,Bavaria,60,5.2,9250.2,11-02-2023
964,CON-000964,30,1015,Active,Standard Loan,Austria,Vienna,120,4.92,27232.93,14-06-2022
965,CON-000965,35,1137,Active,Lease,Germany,Lower Saxony,120,7.75,44647.13,13-10-2023
966,CON-000966,24,218,Completed,Subscription,Germany,Bavaria,120,7.23,12800.25,25-11-2024
967,CON-000967,37,1953,Completed,Standard Loan,Netherlands,North Holland,84,8.29,27455.62,01-04-2024
968,CON-000968,30,763,Defaulted,Lease,Austria,Vienna,84,7.68,12672.93,27-03-2024
969,CON-000969,35,1758,Active,Standard Loan,Germany,Lower Saxony,120,3.54,11324.49,18-07-2023
970,CON-000970,37,36,Active,Standard Loan,Netherlands,North Holland,120,7.33,22948.94,06-07-2023
971,CON-000971,10,935,Active,Standard Loan,Germany,Lower Saxony,120,7.23,21437.93,23-11-2023
972,CON-000972,21,1653,Active,Standard Loan,Germany,Lower Saxony,120,6.59,26904.34,25-02-2024
973,CON-000973,46,1416,Active,Subscription,Netherlands,North Holland,84,3.77,40154.12,01-12-2024
974,CON-000974,35,597,Cancelled,Lease,Germany,Lower Saxony,180,4.49,37126.83,29-08-2024
975,CON-000975,49,1086,Active,Lease,Germany,Hesse,120,4.36,29335.98,15-06-2022
976,CON-000976,45,1547,Active,Standard Loan,Germany,North Rhine-Westphalia,120,5.13,39593.1,22-07-2024
977,CON-000977,30,890,Active,Lease,Austria,Vienna,84,6.77,33991.4,07-09-2024
978,CON-000978,45,588,Active,Lease,Germany,North Rhine-Westphalia,240,4.83,12519.79,23-01-2024
979,CON-000979,26,22,Active,Standard Loan,Germany,Berlin,120,8.21,29128.62,15-12-2023
980,CON-000980,42,1217,Completed,Lease,Germany,North Rhine-Westphalia,180,4.08,41051.06,26-12-2023
981,CON-000981,1,1226,Active,Lease,Germany,Bavaria,60,3.78,17120.11,29-08-2023
982,CON-000982,27,407,Cancelled,Lease,Austria,Upper Austria,180,7.59,13116.19,02-11-2023
983,CON-000983,8,1312,Completed,PPA,Germany,Berlin,180,3.99,37349.64,25-06-2024
984,CON-000984,30,395,Completed,Lease,Austria,Vienna,60,7.3,26090.98,24-08-2024
985,CON-000985,24,766,Defaulted,Lease,Germany,Bavaria,120,6.92,33652.83,10-09-2024
986,CON-000986,20,9,In Arrears,PPA,Austria,Styria,120,3.8,39000.61,09-02-2024
987,CON-000987,11,313,Completed,Standard Loan,Germany,Baden-Württemberg,84,5.44,11034.37,20-11-2023
988,CON-000988,24,1885,Cancelled,Standard Loan,Germany,Bavaria,240,7.86,29109.1,22-07-2023
989,CON-000989,41,503,Active,Standard Loan,Germany,Lower Saxony,180,7.15,29714.54,18-04-2023
990,CON-000990,16,414,Completed,Subscription,Germany,Berlin,180,6.06,10097.48,13-04-2024
991,CON-000991,31,323,In Arrears,Standard Loan,Germany,Berlin,84,6.47,11438.38,26-01-2023
992,CON-000992,4,844,In Arrears,Standard Loan,Germany,Hesse,84,4.29,40069.04,19-02-2023
993,CON-000993,40,1441,Active,Standard Loan,Germany,Bavaria,180,7.23,11301.75,01-03-2023
994,CON-000994,8,1761,Active,Lease,Germany,Berlin,180,3.66,13031.51,05-12-2022
995,CON-000995,29,1471,Active,Lease,Germany,Hesse,84,6.61,34998.19,09-08-2023
996,CON-000996,23,1331,Active,Lease,Germany,North Rhine-Westphalia,60,4.39,32073.18,04-09-2024
997,CON-000997,9,705,Active,Standard Loan,Germany,Berlin,84,4.92,37223.97,22-05-2023
998,CON-000998,18,1366,Active,PPA,Germany,Bavaria,120,4.17,30063.96,23-05-2024
999,CON-000999,11,1310,Active,Lease,Germany,Baden-Württemberg,180,7.7,10442.65,08-01-2024
1000,CON-001000,42,1327,Active,PPA,Germany,North Rhine-Westphalia,120,5.23,36831.1,21-02-2024
1001,CON-001001,41,1144,Active,Standard Loan,Germany,Lower Saxony,84,4.88,23682.9,05-02-2024
1002,CON-001002,16,1047,Active,Standard Loan,Germany,Berlin,180,4.8,10773.11,17-01-2023
1003,CON-001003,8,1124,Active,Standard Loan,Germany,Berlin,120,5.31,13992.29,28-09-2022
1004,CON-001004,33,681,Active,Standard Loan,Germany,Lower Saxony,120,7.81,8828.07,06-05-2023
1005,CON-001005,15,343,Completed,Lease,Germany,Berlin,120,4.81,39970.04,14-04-2023
1006,CON-001006,35,496,Cancelled,Subscription,Germany,Lower Saxony,60,3.79,8623.83,06-03-2024
1007,CON-001007,31,1511,In Arrears,Lease,Germany,Berlin,120,7.97,19405.6,08-02-2024
1008,CON-001008,41,1517,Active,PPA,Germany,Lower Saxony,120,4.36,17105.61,16-08-2023
1009,CON-001009,13,1533,Completed,Standard Loan,Germany,North Rhine-Westphalia,60,3.8,12384.85,21-06-2023
1010,CON-001010,11,74,Active,Standard Loan,Germany,Baden-Württemberg,120,4,22749.62,12-03-2024
1011,CON-001011,29,1659,Active,PPA,Germany,Hesse,60,7.13,21551.02,10-05-2024
1012,CON-001012,6,453,Active,Standard Loan,Netherlands,South Holland,120,4.48,9570.67,27-04-2023
1013,CON-001013,12,1302,Active,Standard Loan,Germany,Berlin,180,4.94,43888.86,06-07-2023
1014,CON-001014,21,1330,Active,Standard Loan,Germany,Lower Saxony,60,6.33,14723.86,19-05-2024
1015,CON-001015,23,1566,In Arrears,PPA,Germany,North Rhine-Westphalia,120,4.52,28766.54,19-11-2023
1016,CON-001016,41,601,Active,Standard Loan,Germany,Lower Saxony,180,8.1,24260.62,07-04-2023
1017,CON-001017,21,1292,Active,PPA,Germany,Lower Saxony,120,3.82,16900.27,20-03-2024
1018,CON-001018,2,730,Active,PPA,Germany,Berlin,120,5.63,19492.25,21-11-2022
1019,CON-001019,42,1732,Active,Lease,Germany,North Rhine-Westphalia,120,5.84,41815.39,03-12-2023
1020,CON-001020,14,862,Completed,PPA,Germany,Baden-Württemberg,240,3.84,34451.4,29-04-2024
1021,CON-001021,35,29,Active,Standard Loan,Germany,Lower Saxony,120,6.84,34185.97,22-05-2023
1022,CON-001022,13,1831,Cancelled,Standard Loan,Germany,North Rhine-Westphalia,180,4.99,38714.85,07-04-2023
1023,CON-001023,33,1805,Active,Standard Loan,Germany,Lower Saxony,84,3.83,25140.17,23-11-2024
1024,CON-001024,22,1063,Cancelled,Standard Loan,Germany,Bavaria,120,5.55,22134.15,23-05-2024
1025,CON-001025,15,934,Completed,Standard Loan,Germany,Berlin,120,4.74,38743.91,30-04-2024
1026,CON-001026,12,39,In Arrears,Standard Loan,Germany,Berlin,180,6.48,29565.97,27-10-2024
1027,CON-001027,1,592,Active,Standard Loan,Germany,Bavaria,84,5.65,44557.67,02-03-2023
1028,CON-001028,24,648,Active,Lease,Germany,Bavaria,180,4.03,23197.45,12-08-2024
1029,CON-001029,35,1374,Cancelled,PPA,Germany,Lower Saxony,60,8.15,42650.97,08-02-2024
1030,CON-001030,12,778,Active,Standard Loan,Germany,Berlin,120,7.92,36861.46,25-10-2024
1031,CON-001031,49,433,Active,Lease,Germany,Hesse,180,6.02,29742.95,03-06-2024
1032,CON-001032,3,521,Active,Standard Loan,Germany,North Rhine-Westphalia,240,8.14,41084.05,07-07-2022
1033,CON-001033,40,349,In Arrears,Standard Loan,Germany,Bavaria,120,7.19,16626.1,03-11-2023
1034,CON-001034,47,1384,Active,Standard Loan,Germany,Baden-Württemberg,180,4.8,9732.43,27-03-2023
1035,CON-001035,6,655,Active,Standard Loan,Netherlands,South Holland,120,3.93,30040.17,05-09-2023
1036,CON-001036,9,409,Active,Lease,Germany,Berlin,180,4.85,14117.93,13-10-2024
1037,CON-001037,27,1592,Active,Standard Loan,Austria,Upper Austria,120,8.22,32800.22,27-07-2024
1038,CON-001038,3,1181,Active,Standard Loan,Germany,North Rhine-Westphalia,120,7.45,37234.31,12-10-2022
1039,CON-001039,3,305,Active,Lease,Germany,North Rhine-Westphalia,84,4.92,41069.22,06-07-2023
1040,CON-001040,18,1313,Active,Standard Loan,Germany,Bavaria,180,5.8,37520.97,30-10-2022
1041,CON-001041,16,1064,Active,Standard Loan,Germany,Berlin,240,7.01,18472.48,23-02-2024
1042,CON-001042,14,127,Active,Standard Loan,Germany,Baden-Württemberg,120,6.06,13612.51,31-03-2022
1043,CON-001043,21,1724,Active,Lease,Germany,Lower Saxony,120,4.72,31321.7,09-08-2024
1044,CON-001044,1,27,Active,Standard Loan,Germany,Bavaria,180,4.83,22804.83,21-08-2024
1045,CON-001045,23,1119,Active,Standard Loan,Germany,North Rhine-Westphalia,120,8.45,35857.13,12-04-2024
1046,CON-001046,35,1398,Defaulted,Subscription,Germany,Lower Saxony,60,8.49,12179.01,21-03-2024
1047,CON-001047,13,100,Active,Standard Loan,Germany,North Rhine-Westphalia,180,4.32,38367.69,03-11-2024
1048,CON-001048,12,101,Active,Standard Loan,Germany,Berlin,180,5.21,44297.47,09-07-2024
1049,CON-001049,30,1868,Active,Subscription,Austria,Vienna,180,7,41670.36,07-02-2023
1050,CON-001050,40,1522,In Arrears,Standard Loan,Germany,Bavaria,84,3.99,19761.7,30-07-2023
1051,CON-001051,15,1664,Defaulted,Subscription,Germany,Berlin,120,7.73,25391.71,28-07-2024
1052,CON-001052,5,185,Active,Subscription,Austria,Vienna,120,6.19,35861.3,09-07-2024
1053,CON-001053,38,1688,Active,PPA,Netherlands,North Holland,180,4.23,18045.45,03-12-2023
1054,CON-001054,6,818,Active,Lease,Netherlands,South Holland,180,8.1,31183.83,24-01-2024
1055,CON-001055,30,1357,Active,Lease,Austria,Vienna,180,6.41,33769.73,13-11-2022
1056,CON-001056,31,167,Active,Standard Loan,Germany,Berlin,120,6.44,44219.16,03-02-2023
1057,CON-001057,8,945,Active,Standard Loan,Germany,Berlin,60,6.94,25677,04-02-2023
1058,CON-001058,37,939,Active,PPA,Netherlands,North Holland,120,5.61,34943.31,23-08-2023
1059,CON-001059,30,1993,Active,Standard Loan,Austria,Vienna,120,5.55,34246.2,09-05-2023
1060,CON-001060,21,1360,Completed,Standard Loan,Germany,Lower Saxony,60,3.62,32274.37,14-10-2024
1061,CON-001061,49,1419,Completed,Lease,Germany,Hesse,120,5.38,21876.65,04-07-2022
1062,CON-001062,30,1128,Active,PPA,Austria,Vienna,120,5.13,24124.75,26-07-2023
1063,CON-001063,47,827,Active,Standard Loan,Germany,Baden-Württemberg,120,5.72,27888.16,30-01-2024
1064,CON-001064,48,397,Active,PPA,Germany,Lower Saxony,84,6.03,30518.6,13-03-2023
1065,CON-001065,14,1564,Active,Lease,Germany,Baden-Württemberg,180,7.77,14820.04,30-03-2023
1066,CON-001066,4,2,In Arrears,Standard Loan,Germany,Hesse,180,5.24,42238.03,25-08-2023
1067,CON-001067,43,106,Defaulted,Lease,Netherlands,North Brabant,120,8.32,37533.1,14-08-2022
1068,CON-001068,25,1378,Cancelled,Standard Loan,Germany,Hesse,120,3.84,9026.71,13-04-2024
1069,CON-001069,50,423,Active,Standard Loan,Austria,Styria,120,8.28,27736.13,07-11-2024
1070,CON-001070,4,1654,Active,Subscription,Germany,Hesse,60,5.87,27102,19-03-2024
1071,CON-001071,8,1737,Cancelled,PPA,Germany,Berlin,120,7.91,21259.5,28-01-2023
1072,CON-001072,47,544,Active,PPA,Germany,Baden-Württemberg,240,5.54,17735.52,10-06-2023
1073,CON-001073,5,657,Active,Standard Loan,Austria,Vienna,60,6.14,16465.88,08-01-2023
1074,CON-001074,18,887,Active,PPA,Germany,Bavaria,180,6.16,25064.56,12-08-2023
1075,CON-001075,9,1690,Active,Standard Loan,Germany,Berlin,84,4.14,32854.72,02-05-2024
1076,CON-001076,13,1763,Active,Standard Loan,Germany,North Rhine-Westphalia,60,6.88,23881.78,29-11-2023
1077,CON-001077,36,1297,Active,Standard Loan,Austria,Styria,180,7.73,10838.04,11-02-2024
1078,CON-001078,47,1239,Active,Lease,Germany,Baden-Württemberg,180,6.57,35249.72,11-11-2023
1079,CON-001079,42,1839,Active,Lease,Germany,North Rhine-Westphalia,240,5.49,15632.36,02-07-2023
1080,CON-001080,9,1901,Active,Standard Loan,Germany,Berlin,180,6.28,22041.76,07-06-2023
1081,CON-001081,25,187,In Arrears,PPA,Germany,Hesse,120,7.51,10489.05,23-12-2023
1082,CON-001082,13,554,Active,Lease,Germany,North Rhine-Westphalia,60,6.54,37334.57,15-09-2023
1083,CON-001083,27,243,Active,Subscription,Austria,Upper Austria,180,5.16,16492.18,18-03-2024
1084,CON-001084,37,813,Active,Standard Loan,Netherlands,North Holland,120,7.08,22664.54,26-09-2023
1085,CON-001085,46,1611,Active,Standard Loan,Netherlands,North Holland,240,4.89,17412.55,03-11-2023
1086,CON-001086,4,245,Active,Standard Loan,Germany,Hesse,180,6.94,25579.12,17-03-2024
1087,CON-001087,41,592,Active,Standard Loan,Germany,Lower Saxony,180,7.28,37616.76,16-08-2024
1088,CON-001088,33,751,Active,Standard Loan,Germany,Lower Saxony,240,6.06,17451.9,20-05-2024
1089,CON-001089,35,1339,Active,Subscription,Germany,Lower Saxony,120,4.28,40808.82,09-11-2024
1090,CON-001090,17,1061,Active,PPA,Germany,North Rhine-Westphalia,180,4.02,39070.59,21-07-2022
1091,CON-001091,44,215,Cancelled,PPA,Germany,Hesse,180,5.41,17347.43,18-12-2023
1092,CON-001092,36,1189,Active,Standard Loan,Austria,Styria,120,4.69,37316.9,20-02-2024
1093,CON-001093,35,1370,Active,Subscription,Germany,Lower Saxony,120,7.58,42916.95,18-06-2023
1094,CON-001094,29,308,Active,Standard Loan,Germany,Hesse,180,6.29,15847.37,17-01-2023
1095,CON-001095,10,64,Active,Standard Loan,Germany,Lower Saxony,60,6.96,22279.77,07-08-2022
1096,CON-001096,46,728,Active,Lease,Netherlands,North Holland,120,7.84,42023.36,22-08-2024
1097,CON-001097,7,476,Active,Lease,Germany,Bavaria,84,5.42,11438.8,30-08-2023
1098,CON-001098,46,1853,Active,Standard Loan,Netherlands,North Holland,180,6.71,11146.94,07-10-2023
1099,CON-001099,26,143,Completed,Lease,Germany,Berlin,180,4.47,19445.21,24-05-2024
1100,CON-001100,43,340,Active,PPA,Netherlands,North Brabant,60,7.17,44799.65,16-04-2022
1101,CON-001101,47,381,Active,Standard Loan,Germany,Baden-Württemberg,240,8.26,29768.07,04-11-2023
1102,CON-001102,36,978,Cancelled,Standard Loan,Austria,Styria,120,4.84,10731.55,05-11-2024
1103,CON-001103,21,1854,In Arrears,Standard Loan,Germany,Lower Saxony,180,7.96,42876.06,26-03-2024
1104,CON-001104,24,547,Completed,Standard Loan,Germany,Bavaria,180,8.11,29884.81,20-03-2024
1105,CON-001105,29,711,Active,Standard Loan,Germany,Hesse,180,5.65,28284.69,25-06-2024
1106,CON-001106,30,489,Active,Standard Loan,Austria,Vienna,120,5.44,24987.19,30-11-2023
1107,CON-001107,23,806,Active,PPA,Germany,North Rhine-Westphalia,84,6.15,33238.74,04-10-2024
1108,CON-001108,5,493,In Arrears,PPA,Austria,Vienna,120,4.4,24780.77,23-10-2024
1109,CON-001109,2,623,Active,Subscription,Germany,Berlin,60,3.93,23969.68,01-07-2022
1110,CON-001110,29,649,Completed,PPA,Germany,Hesse,120,5.01,10910.39,07-06-2023
1111,CON-001111,49,169,In Arrears,Standard Loan,Germany,Hesse,240,7.42,21364.66,06-10-2022
1112,CON-001112,26,1771,Active,PPA,Germany,Berlin,180,4.19,18981.52,08-02-2023
1113,CON-001113,6,1346,Active,Standard Loan,Netherlands,South Holland,84,3.96,34372.49,10-09-2024
1114,CON-001114,9,1030,Defaulted,Subscription,Germany,Berlin,120,6.44,24623.33,25-03-2024
1115,CON-001115,14,1325,Active,Standard Loan,Germany,Baden-Württemberg,240,4.03,28481.43,02-12-2022
1116,CON-001116,43,1792,Active,PPA,Netherlands,North Brabant,180,4.13,39262.11,31-05-2023
1117,CON-001117,21,615,Cancelled,PPA,Germany,Lower Saxony,60,7.17,10344.67,29-11-2024
1118,CON-001118,21,1957,Completed,Subscription,Germany,Lower Saxony,84,7.64,18302.51,01-10-2024
1119,CON-001119,27,886,Cancelled,Standard Loan,Austria,Upper Austria,120,7.11,37139.26,04-03-2024
1120,CON-001120,29,1487,Active,Standard Loan,Germany,Hesse,84,6.94,34531.84,10-05-2024
1121,CON-001121,21,1739,Cancelled,Lease,Germany,Lower Saxony,60,3.83,37093.14,18-08-2024
1122,CON-001122,40,1771,Completed,PPA,Germany,Bavaria,120,8.37,30585.48,02-03-2023
1123,CON-001123,6,507,In Arrears,Standard Loan,Netherlands,South Holland,120,5.64,35658.67,23-05-2023
1124,CON-001124,42,1909,Completed,Lease,Germany,North Rhine-Westphalia,180,4.18,9622.46,03-06-2022
1125,CON-001125,36,354,Active,Lease,Austria,Styria,120,7,44555.05,02-08-2024
1126,CON-001126,42,470,Active,Standard Loan,Germany,North Rhine-Westphalia,180,4.64,31896.81,11-03-2023
1127,CON-001127,30,423,In Arrears,PPA,Austria,Vienna,120,4.16,17512.36,29-07-2024
1128,CON-001128,21,1215,Active,Standard Loan,Germany,Lower Saxony,240,8.39,15480.83,29-10-2024
1129,CON-001129,41,1231,Active,Lease,Germany,Lower Saxony,120,3.73,21016.42,04-12-2022
1130,CON-001130,12,854,Active,Standard Loan,Germany,Berlin,180,4.57,40621,09-09-2024
1131,CON-001131,40,368,Active,Lease,Germany,Bavaria,180,4.26,27607.77,15-10-2023
1132,CON-001132,3,954,Active,Lease,Germany,North Rhine-Westphalia,120,4.6,34556.67,16-03-2023
1133,CON-001133,11,1523,Completed,Lease,Germany,Baden-Württemberg,120,4.64,42082.08,15-07-2023
1134,CON-001134,43,1426,Completed,Subscription,Netherlands,North Brabant,120,5.15,9963.7,31-07-2022
1135,CON-001135,37,699,Active,Standard Loan,Netherlands,North Holland,180,5.26,21476.22,13-09-2024
1136,CON-001136,42,495,Active,Lease,Germany,North Rhine-Westphalia,240,8.01,20008.44,15-10-2023
1137,CON-001137,17,1384,Active,Lease,Germany,North Rhine-Westphalia,84,4.67,43188.55,11-11-2023
1138,CON-001138,21,1251,Active,Lease,Germany,Lower Saxony,84,7.53,34053.91,18-02-2024
1139,CON-001139,10,578,Cancelled,Lease,Germany,Lower Saxony,180,5.35,16650.89,24-09-2023
1140,CON-001140,6,1639,Completed,Subscription,Netherlands,South Holland,180,6.83,14742.91,24-02-2023
1141,CON-001141,20,1454,Cancelled,Standard Loan,Austria,Styria,84,5.59,38060.87,21-08-2022
1142,CON-001142,12,888,Active,Standard Loan,Germany,Berlin,240,5.24,37524.06,22-11-2023
1143,CON-001143,45,151,Completed,Lease,Germany,North Rhine-Westphalia,120,8.28,26215.57,24-09-2023
1144,CON-001144,43,767,Active,Subscription,Netherlands,North Brabant,60,5.27,35497.05,26-09-2023
1145,CON-001145,36,1803,Active,Subscription,Austria,Styria,60,5.46,43423.53,23-12-2023
1146,CON-001146,41,1248,Defaulted,PPA,Germany,Lower Saxony,180,4.09,18265.06,04-10-2024
1147,CON-001147,23,1009,In Arrears,Subscription,Germany,North Rhine-Westphalia,60,6.21,31193.86,21-12-2023
1148,CON-001148,18,1656,Active,Standard Loan,Germany,Bavaria,240,5.3,36118.71,07-01-2023
1149,CON-001149,31,1906,Active,Subscription,Germany,Berlin,120,3.67,23079.61,08-11-2023
1150,CON-001150,1,137,Active,Lease,Germany,Bavaria,120,8.07,38497.17,10-01-2024
1151,CON-001151,37,1498,Active,Standard Loan,Netherlands,North Holland,180,7.98,44856.29,27-07-2023
1152,CON-001152,45,1495,Active,Standard Loan,Germany,North Rhine-Westphalia,120,4.94,29498.97,17-01-2023
1153,CON-001153,1,1622,In Arrears,Standard Loan,Germany,Bavaria,180,7.73,20364.45,26-06-2023
1154,CON-001154,19,631,Active,Standard Loan,Germany,Hesse,84,5.4,17438.84,02-11-2023
1155,CON-001155,30,1944,Completed,Standard Loan,Austria,Vienna,180,6.81,29189.24,05-05-2022
1156,CON-001156,12,808,Active,PPA,Germany,Berlin,60,7.19,9182.09,24-08-2023
1157,CON-001157,22,1610,Active,Standard Loan,Germany,Bavaria,84,6.69,43485.78,16-04-2023
1158,CON-001158,1,1096,Cancelled,Standard Loan,Germany,Bavaria,60,5.46,16137.93,02-10-2022
1159,CON-001159,36,733,Active,Standard Loan,Austria,Styria,120,7.88,28815.19,19-07-2024
1160,CON-001160,31,1803,Active,Standard Loan,Germany,Berlin,120,6.47,23669.42,27-04-2023
1161,CON-001161,49,1137,Active,Standard Loan,Germany,Hesse,180,4.4,8313.44,03-04-2024
1162,CON-001162,10,589,Active,PPA,Germany,Lower Saxony,180,6.97,12665.05,22-11-2023
1163,CON-001163,43,36,Active,PPA,Netherlands,North Brabant,120,4.4,23963.62,19-04-2024
1164,CON-001164,38,21,Active,Standard Loan,Netherlands,North Holland,240,6.12,12606.24,14-08-2023
1165,CON-001165,20,1455,Active,Lease,Austria,Styria,180,6.02,15823.13,27-11-2022
1166,CON-001166,17,1804,Active,PPA,Germany,North Rhine-Westphalia,240,4.34,33557.08,11-02-2024
1167,CON-001167,41,1095,Active,Lease,Germany,Lower Saxony,120,7.54,30343.33,02-03-2024
1168,CON-001168,21,1595,Active,Standard Loan,Germany,Lower Saxony,240,5.9,14378,26-10-2024
1169,CON-001169,45,1290,Completed,Standard Loan,Germany,North Rhine-Westphalia,60,6.07,14220.49,06-05-2024
1170,CON-001170,4,444,In Arrears,Standard Loan,Germany,Hesse,120,4.14,42284.99,07-06-2024
1171,CON-001171,48,1132,Active,Lease,Germany,Lower Saxony,120,5.94,18314.16,28-10-2022
1172,CON-001172,29,1071,Active,Lease,Germany,Hesse,240,8.28,29359.15,02-02-2024
1173,CON-001173,36,489,Active,Lease,Austria,Styria,84,6.67,44210.99,05-12-2023
1174,CON-001174,9,1239,Defaulted,Standard Loan,Germany,Berlin,180,5.99,39468,05-04-2023
1175,CON-001175,37,1510,Active,Standard Loan,Netherlands,North Holland,120,5.59,40794.43,23-10-2023
1176,CON-001176,1,184,Completed,Standard Loan,Germany,Bavaria,120,7.47,16539.94,02-08-2022
1177,CON-001177,19,1106,Active,Subscription,Germany,Hesse,180,4.62,36412.49,21-09-2022
1178,CON-001178,6,699,Active,Lease,Netherlands,South Holland,120,5.39,30500.38,10-05-2023
1179,CON-001179,29,933,Completed,Standard Loan,Germany,Hesse,120,7.71,35449.34,27-12-2022
1180,CON-001180,21,197,Active,Standard Loan,Germany,Lower Saxony,60,7.84,42738.78,25-11-2024
1181,CON-001181,4,119,In Arrears,PPA,Germany,Hesse,240,5.59,43879.36,29-09-2023
1182,CON-001182,3,975,Active,Standard Loan,Germany,North Rhine-Westphalia,240,3.92,26949.36,29-04-2024
1183,CON-001183,16,1646,In Arrears,Standard Loan,Germany,Berlin,180,5,9338.58,03-08-2024
1184,CON-001184,11,1819,Active,Standard Loan,Germany,Baden-Württemberg,180,6.34,20720.23,27-07-2023
1185,CON-001185,10,1626,Active,Standard Loan,Germany,Lower Saxony,84,7.91,12346.43,03-09-2023
1186,CON-001186,12,1846,Active,Standard Loan,Germany,Berlin,240,7.19,42811.02,06-10-2023
1187,CON-001187,36,657,Active,Subscription,Austria,Styria,180,6.68,43333.51,18-08-2024
1188,CON-001188,48,1799,Active,Lease,Germany,Lower Saxony,180,5.54,31660.39,25-08-2024
1189,CON-001189,31,1911,Active,Subscription,Germany,Berlin,84,5.19,16858.61,16-06-2023
1190,CON-001190,50,1739,Active,Standard Loan,Austria,Styria,180,6.83,21492.81,27-12-2022
1191,CON-001191,48,581,Completed,Lease,Germany,Lower Saxony,180,4.7,10911.37,03-09-2022
1192,CON-001192,21,874,Cancelled,Lease,Germany,Lower Saxony,120,5.83,34927.28,24-06-2024
1193,CON-001193,14,206,Active,Subscription,Germany,Baden-Württemberg,120,7.06,34660.42,12-06-2023
1194,CON-001194,47,1463,Active,PPA,Germany,Baden-Württemberg,120,4.7,21716.6,15-08-2023
1195,CON-001195,21,1655,Cancelled,Standard Loan,Germany,Lower Saxony,120,7.53,23943.6,23-10-2024
1196,CON-001196,10,1361,Cancelled,Subscription,Germany,Lower Saxony,120,8.04,29189.4,27-08-2022
1197,CON-001197,16,1334,Active,Standard Loan,Germany,Berlin,84,5.5,13276.03,29-05-2023
1198,CON-001198,16,334,In Arrears,Standard Loan,Germany,Berlin,180,4.7,24768.41,07-10-2022
1199,CON-001199,21,1918,Active,Subscription,Germany,Lower Saxony,120,5.42,42525.63,09-04-2024
1200,CON-001200,49,1191,Active,PPA,Germany,Hesse,84,7.46,13824.29,04-01-2024
1201,CON-001201,45,137,Completed,Standard Loan,Germany,North Rhine-Westphalia,60,6.33,16140.4,09-10-2024
1202,CON-001202,49,1242,Active,Lease,Germany,Hesse,60,6.73,35042.21,04-06-2022
1203,CON-001203,19,208,Active,Standard Loan,Germany,Hesse,60,7.15,24525.46,16-10-2022
1204,CON-001204,11,1591,Completed,Standard Loan,Germany,Baden-Württemberg,120,7.98,24018.99,18-11-2024
1205,CON-001205,43,299,Completed,Subscription,Netherlands,North Brabant,120,4.06,15177.84,05-02-2024
1206,CON-001206,36,53,Active,Standard Loan,Austria,Styria,180,7.88,38353.16,26-06-2024
1207,CON-001207,31,885,Active,PPA,Germany,Berlin,120,4.47,8126,30-09-2023
1208,CON-001208,47,980,Active,Subscription,Germany,Baden-Württemberg,180,7.57,42499.87,23-01-2024
1209,CON-001209,21,1302,Active,Standard Loan,Germany,Lower Saxony,60,8.1,25902.26,03-03-2024
1210,CON-001210,10,422,Active,Standard Loan,Germany,Lower Saxony,84,3.63,19141.58,20-02-2023
1211,CON-001211,47,286,Active,Standard Loan,Germany,Baden-Württemberg,180,6.97,26291.95,17-07-2024
1212,CON-001212,7,956,Active,Lease,Germany,Bavaria,120,4.27,36695.92,21-10-2023
1213,CON-001213,33,452,In Arrears,Standard Loan,Germany,Lower Saxony,180,7.42,20726.87,15-11-2024
1214,CON-001214,45,1341,Active,PPA,Germany,North Rhine-Westphalia,240,4.24,13578.72,06-02-2023
1215,CON-001215,12,188,Active,PPA,Germany,Berlin,180,4.37,18631.19,03-11-2024
1216,CON-001216,41,1632,Active,Subscription,Germany,Lower Saxony,84,4.63,23792.39,26-10-2023
1217,CON-001217,24,625,Active,Subscription,Germany,Bavaria,120,5.8,26923.67,28-03-2023
1218,CON-001218,40,286,Active,Standard Loan,Germany,Bavaria,120,3.99,26181.51,27-05-2023
1219,CON-001219,35,130,In Arrears,Lease,Germany,Lower Saxony,180,6.29,28728.16,01-01-2024
1220,CON-001220,49,217,Active,PPA,Germany,Hesse,180,5.67,34175.7,06-08-2024
1221,CON-001221,41,1049,In Arrears,Subscription,Germany,Lower Saxony,120,4.81,13370.5,26-09-2023
1222,CON-001222,49,928,Active,PPA,Germany,Hesse,240,8.1,26809.26,09-10-2022
1223,CON-001223,16,1603,Active,PPA,Germany,Berlin,120,6.85,35400.97,03-06-2023
1224,CON-001224,50,1172,Completed,Lease,Austria,Styria,84,8.29,22986.01,24-12-2022
1225,CON-001225,50,440,Active,PPA,Austria,Styria,60,5.45,38825.3,20-04-2024
1226,CON-001226,13,1240,Active,Standard Loan,Germany,North Rhine-Westphalia,120,4.86,33295.95,25-06-2023
1227,CON-001227,12,1129,Active,Standard Loan,Germany,Berlin,84,6.29,19280.95,05-04-2024
1228,CON-001228,45,1724,Completed,Lease,Germany,North Rhine-Westphalia,120,5.51,10121.28,03-09-2024
1229,CON-001229,12,444,Active,Standard Loan,Germany,Berlin,180,5.43,19611.75,14-09-2024
1230,CON-001230,20,1988,Active,Lease,Austria,Styria,180,8.18,32408.46,24-10-2022
1231,CON-001231,5,13,Active,Lease,Austria,Vienna,120,5.64,8625.56,12-06-2024
1232,CON-001232,33,811,Defaulted,PPA,Germany,Lower Saxony,120,5.98,37779.58,02-01-2024
1233,CON-001233,2,1041,Active,Lease,Germany,Berlin,84,3.57,31041.73,17-11-2024
1234,CON-001234,6,818,Active,Lease,Netherlands,South Holland,120,7.26,23909.87,18-09-2023
1235,CON-001235,36,1058,Active,PPA,Austria,Styria,240,5.87,10745.15,13-09-2024
1236,CON-001236,12,1198,Active,Subscription,Germany,Berlin,84,6.76,32973.15,24-11-2023
1237,CON-001237,37,1411,Active,Standard Loan,Netherlands,North Holland,180,5.6,16777.56,10-10-2024
1238,CON-001238,35,10,Active,Standard Loan,Germany,Lower Saxony,84,6.51,31308.72,30-03-2024
1239,CON-001239,28,1638,Cancelled,Standard Loan,Germany,Lower Saxony,180,4.41,12613.5,08-01-2024
1240,CON-001240,5,1786,Active,Lease,Austria,Vienna,120,7.54,18074.64,24-09-2024
1241,CON-001241,42,19,Active,Standard Loan,Germany,North Rhine-Westphalia,180,3.51,23572,17-04-2022
1242,CON-001242,17,55,Cancelled,Standard Loan,Germany,North Rhine-Westphalia,120,4.99,24569.56,26-05-2023
1243,CON-001243,11,294,Active,Standard Loan,Germany,Baden-Württemberg,180,3.67,39742.34,26-03-2024
1244,CON-001244,19,232,Active,Standard Loan,Germany,Hesse,84,6.44,22286.47,09-10-2023
1245,CON-001245,5,116,Active,Lease,Austria,Vienna,180,4.19,33749.98,23-02-2024
1246,CON-001246,33,1042,Active,Standard Loan,Germany,Lower Saxony,120,4.05,27573.6,10-08-2023
1247,CON-001247,12,1509,Active,Standard Loan,Germany,Berlin,180,8.08,30968.3,04-04-2024
1248,CON-001248,21,423,Completed,PPA,Germany,Lower Saxony,180,4.74,43977.86,07-09-2024
1249,CON-001249,47,1948,Defaulted,Lease,Germany,Baden-Württemberg,120,4.79,10700.78,06-09-2023
1250,CON-001250,21,599,Completed,Standard Loan,Germany,Lower Saxony,180,4.71,34110.43,13-06-2024
1251,CON-001251,24,279,Active,Lease,Germany,Bavaria,180,4.82,27455.51,09-11-2023
1252,CON-001252,30,265,Active,Lease,Austria,Vienna,120,6,12747.24,21-04-2022
1253,CON-001253,12,1679,Cancelled,Standard Loan,Germany,Berlin,180,7.91,29557.57,14-11-2024
1254,CON-001254,9,2,Completed,Standard Loan,Germany,Berlin,120,3.81,14413.47,29-06-2024
1255,CON-001255,16,436,Active,Lease,Germany,Berlin,84,6.65,37021.65,05-06-2023
1256,CON-001256,43,540,Active,Standard Loan,Netherlands,North Brabant,60,5.01,28967.34,17-11-2022
1257,CON-001257,38,898,Active,Standard Loan,Netherlands,North Holland,180,4.21,35279.98,12-10-2022
1258,CON-001258,7,425,Active,Standard Loan,Germany,Bavaria,120,5.47,21180.84,16-02-2024
1259,CON-001259,18,844,Cancelled,Lease,Germany,Bavaria,240,6.28,23919.03,07-11-2023
1260,CON-001260,48,1002,Active,Subscription,Germany,Lower Saxony,120,4.45,33743.23,03-08-2023
1261,CON-001261,30,1287,Active,Lease,Austria,Vienna,120,4.42,38666.1,29-09-2022
1262,CON-001262,8,1443,Active,Standard Loan,Germany,Berlin,120,4.96,17809.56,19-02-2023
1263,CON-001263,16,1037,Active,PPA,Germany,Berlin,120,6.02,33646.42,14-06-2024
1264,CON-001264,42,821,Active,Standard Loan,Germany,North Rhine-Westphalia,240,8.25,19610.33,28-06-2024
1265,CON-001265,43,1672,Active,Lease,Netherlands,North Brabant,240,4.26,37774.55,29-10-2023
1266,CON-001266,26,185,Active,Standard Loan,Germany,Berlin,120,4.44,9388.98,12-01-2023
1267,CON-001267,30,759,Active,Standard Loan,Austria,Vienna,240,4.32,38157.47,14-03-2023
1268,CON-001268,21,537,Active,Standard Loan,Germany,Lower Saxony,180,7.27,36074.71,30-07-2024
1269,CON-001269,50,604,Active,Standard Loan,Austria,Styria,60,3.58,20217,13-02-2023
1270,CON-001270,1,1157,Active,Lease,Germany,Bavaria,120,5.84,10505.67,24-12-2022
1271,CON-001271,23,675,Active,PPA,Germany,North Rhine-Westphalia,120,5.63,36708.51,15-03-2023
1272,CON-001272,13,881,Cancelled,Standard Loan,Germany,North Rhine-Westphalia,120,5.35,10073.85,24-08-2023
1273,CON-001273,12,597,Cancelled,PPA,Germany,Berlin,180,4.35,9074.61,07-02-2024
1274,CON-001274,4,1963,In Arrears,PPA,Germany,Hesse,60,8.36,29516.52,30-12-2023
1275,CON-001275,6,1540,Active,Standard Loan,Netherlands,South Holland,180,4.16,9928.41,10-08-2023
1276,CON-001276,44,549,Active,Subscription,Germany,Hesse,120,7.92,25115.09,11-10-2024
1277,CON-001277,35,1772,Completed,Subscription,Germany,Lower Saxony,180,5.57,31025.05,11-04-2024
1278,CON-001278,10,1483,Active,Lease,Germany,Lower Saxony,120,6.21,27862.45,04-09-2023
1279,CON-001279,35,560,Completed,Standard Loan,Germany,Lower Saxony,84,5.08,9483.82,23-07-2023
1280,CON-001280,21,1931,Active,Standard Loan,Germany,Lower Saxony,240,7.12,13455.02,18-06-2024
1281,CON-001281,31,733,Active,Lease,Germany,Berlin,60,3.92,44235.08,12-05-2023
1282,CON-001282,12,44,In Arrears,Standard Loan,Germany,Berlin,180,7.21,9849.87,17-07-2024
1283,CON-001283,43,1484,Active,Standard Loan,Netherlands,North Brabant,120,3.68,31283.34,21-07-2023
1284,CON-001284,49,1004,Defaulted,Standard Loan,Germany,Hesse,120,6.49,35203.09,27-04-2024
1285,CON-001285,6,1639,Active,Standard Loan,Netherlands,South Holland,240,7.24,17241.61,12-07-2024
1286,CON-001286,43,898,Completed,Lease,Netherlands,North Brabant,120,5.38,19858.6,05-07-2022
1287,CON-001287,35,1247,Active,Subscription,Germany,Lower Saxony,240,7.2,8055.79,01-12-2023
1288,CON-001288,16,1100,Active,Lease,Germany,Berlin,60,6.01,27186.9,14-10-2024
1289,CON-001289,18,1392,Active,PPA,Germany,Bavaria,180,3.55,21845.07,03-08-2022
1290,CON-001290,36,1790,Active,Subscription,Austria,Styria,84,6.91,26382.9,07-05-2024
1291,CON-001291,21,223,Active,Standard Loan,Germany,Lower Saxony,84,7.89,35419.99,26-05-2024
1292,CON-001292,27,1480,Active,Standard Loan,Austria,Upper Austria,84,5.29,13683.61,09-12-2022
1293,CON-001293,42,1495,Active,Standard Loan,Germany,North Rhine-Westphalia,120,7.13,13833.71,08-02-2024
1294,CON-001294,44,1007,Completed,Lease,Germany,Hesse,84,4.26,19756.61,07-08-2023
1295,CON-001295,21,222,Active,Standard Loan,Germany,Lower Saxony,180,7.56,31892.85,03-10-2024
1296,CON-001296,40,162,Active,Lease,Germany,Bavaria,120,5.18,17590.73,19-01-2024
1297,CON-001297,6,1920,Active,Lease,Netherlands,South Holland,84,6.19,39499.33,13-06-2023
1298,CON-001298,43,1078,Completed,Standard Loan,Netherlands,North Brabant,84,7.59,11097.19,04-08-2024
1299,CON-001299,42,1364,Active,Standard Loan,Germany,North Rhine-Westphalia,180,6.06,41732.77,26-04-2023
1300,CON-001300,23,641,Active,Standard Loan,Germany,North Rhine-Westphalia,240,4.99,8312.14,28-07-2024
1301,CON-001301,30,1468,Active,Standard Loan,Austria,Vienna,240,7.25,38975.35,14-01-2023
1302,CON-001302,21,1815,Active,PPA,Germany,Lower Saxony,240,5.99,31616.4,23-10-2024
1303,CON-001303,29,943,Active,PPA,Germany,Hesse,180,4.91,40198,30-12-2023
1304,CON-001304,7,972,Active,Subscription,Germany,Bavaria,84,6.79,12136.34,13-03-2023
1305,CON-001305,42,261,Active,Lease,Germany,North Rhine-Westphalia,84,5.03,10366.66,24-10-2022
1306,CON-001306,29,1931,Completed,Lease,Germany,Hesse,120,5.93,26909.96,23-03-2023
1307,CON-001307,7,589,In Arrears,Standard Loan,Germany,Bavaria,120,7.63,23031.3,22-07-2024
1308,CON-001308,36,1235,Defaulted,PPA,Austria,Styria,120,4.5,35208.17,19-02-2024
1309,CON-001309,22,4,Active,Standard Loan,Germany,Bavaria,180,7.03,10308.35,21-03-2024
1310,CON-001310,30,725,Active,Standard Loan,Austria,Vienna,60,6.66,20085.59,10-06-2022
1311,CON-001311,29,241,Completed,Lease,Germany,Hesse,60,5.28,33497.16,23-11-2024
1312,CON-001312,36,1862,Active,PPA,Austria,Styria,60,5.76,27757.33,07-10-2024
1313,CON-001313,40,162,Active,PPA,Germany,Bavaria,84,6.28,40912.81,24-06-2023
1314,CON-001314,36,980,Active,Standard Loan,Austria,Styria,84,5.92,41304.75,12-03-2024
1315,CON-001315,7,250,Active,Standard Loan,Germany,Bavaria,240,7.25,36414.65,09-05-2024
1316,CON-001316,13,1280,Active,Subscription,Germany,North Rhine-Westphalia,60,3.87,13736.94,19-06-2023
1317,CON-001317,37,897,Active,Lease,Netherlands,North Holland,180,4.62,41215.33,13-11-2024
1318,CON-001318,43,1351,In Arrears,Subscription,Netherlands,North Brabant,180,7.32,42816.06,08-02-2023
1319,CON-001319,26,1024,Completed,Standard Loan,Germany,Berlin,60,7.28,34764.01,04-09-2024
1320,CON-001320,35,666,Active,Standard Loan,Germany,Lower Saxony,84,6.77,17856.84,04-11-2024
1321,CON-001321,24,584,Active,Lease,Germany,Bavaria,240,6.97,21036.7,22-05-2024
1322,CON-001322,29,962,In Arrears,PPA,Germany,Hesse,120,6.8,14593.22,06-11-2024
1323,CON-001323,9,1085,Completed,Lease,Germany,Berlin,180,7.61,27753.06,05-12-2023
1324,CON-001324,19,372,Active,Standard Loan,Germany,Hesse,120,4.52,30819.48,03-11-2022
1325,CON-001325,33,1035,Defaulted,Lease,Germany,Lower Saxony,180,7.32,35312.44,12-11-2024
1326,CON-001326,34,631,In Arrears,Standard Loan,Germany,Baden-Württemberg,120,7.32,23244.21,01-12-2023
1327,CON-001327,23,1912,Active,Lease,Germany,North Rhine-Westphalia,60,3.52,36928.33,13-07-2024
1328,CON-001328,27,864,In Arrears,Standard Loan,Austria,Upper Austria,180,6.35,23008.24,20-05-2024
1329,CON-001329,34,708,Active,Standard Loan,Germany,Baden-Württemberg,84,5.81,18692.08,02-01-2023
1330,CON-001330,32,217,Cancelled,Standard Loan,Germany,Lower Saxony,240,4.96,29618.36,07-07-2022
1331,CON-001331,1,1508,Active,Standard Loan,Germany,Bavaria,180,7.53,40406.02,13-04-2024
1332,CON-001332,43,924,Active,Subscription,Netherlands,North Brabant,120,8.31,9446.13,26-08-2022
1333,CON-001333,2,39,Cancelled,PPA,Germany,Berlin,120,4.76,27243.09,26-11-2022
1334,CON-001334,31,369,Completed,Lease,Germany,Berlin,180,5.15,19289.49,14-09-2024
1335,CON-001335,35,1916,In Arrears,Standard Loan,Germany,Lower Saxony,180,7.22,11921.49,11-02-2024
1336,CON-001336,9,354,Active,Lease,Germany,Berlin,240,3.74,15875.6,07-12-2023
1337,CON-001337,40,1959,Cancelled,Subscription,Germany,Bavaria,180,7.39,21167.97,02-07-2024
1338,CON-001338,21,378,Active,PPA,Germany,Lower Saxony,180,4.46,24216.17,21-06-2024
1339,CON-001339,50,1187,Cancelled,Lease,Austria,Styria,60,7.31,41817.28,23-01-2024
1340,CON-001340,29,1485,Active,Standard Loan,Germany,Hesse,180,3.66,31347.87,16-09-2024
1341,CON-001341,36,856,Active,Standard Loan,Austria,Styria,240,5.02,43850.37,15-04-2024
1342,CON-001342,26,1471,Active,Standard Loan,Germany,Berlin,120,8.15,38284.51,14-01-2024
1343,CON-001343,3,850,Active,Standard Loan,Germany,North Rhine-Westphalia,84,8.05,30617.43,29-10-2022
1344,CON-001344,17,768,Cancelled,Standard Loan,Germany,North Rhine-Westphalia,84,7.78,12620.71,05-09-2022
1345,CON-001345,47,1696,Active,Lease,Germany,Baden-Württemberg,120,3.65,26459.45,20-11-2023
1346,CON-001346,36,1436,Completed,Lease,Austria,Styria,84,5.69,14316.73,29-09-2024
1347,CON-001347,17,633,Active,PPA,Germany,North Rhine-Westphalia,240,4.94,34960.2,29-05-2022
1348,CON-001348,46,1557,Active,Lease,Netherlands,North Holland,120,6.79,43020.68,28-07-2023
1349,CON-001349,25,1006,Active,Lease,Germany,Hesse,84,8.35,26302.18,08-12-2023
1350,CON-001350,35,1473,Active,Lease,Germany,Lower Saxony,120,4.35,29624.87,11-04-2024
1351,CON-001351,18,64,Active,Lease,Germany,Bavaria,84,4.08,26587.21,29-05-2023
1352,CON-001352,24,1805,Active,Standard Loan,Germany,Bavaria,120,6.68,21441.09,31-03-2023
1353,CON-001353,24,661,In Arrears,PPA,Germany,Bavaria,180,6.69,21195.01,29-09-2023
1354,CON-001354,38,1888,Active,Standard Loan,Netherlands,North Holland,84,7.45,25066.03,16-06-2023
1355,CON-001355,42,1794,Active,Standard Loan,Germany,North Rhine-Westphalia,120,7.74,30312.28,31-10-2022
1356,CON-001356,28,1024,Active,Standard Loan,Germany,Lower Saxony,84,4.59,11076.4,11-12-2022
1357,CON-001357,35,477,Active,Subscription,Germany,Lower Saxony,120,3.69,25554.07,21-11-2023
1358,CON-001358,5,890,Active,Standard Loan,Austria,Vienna,120,4.48,18553.92,27-11-2023
1359,CON-001359,36,350,Active,Subscription,Austria,Styria,120,5.03,20088.45,30-01-2024
1360,CON-001360,38,490,Active,Lease,Netherlands,North Holland,180,3.75,26939.71,20-11-2024
1361,CON-001361,10,640,Active,Standard Loan,Germany,Lower Saxony,120,7.18,24379.64,30-08-2023
1362,CON-001362,42,441,In Arrears,Lease,Germany,North Rhine-Westphalia,240,4.62,38104.41,15-06-2022
1363,CON-001363,45,1204,Active,Lease,Germany,North Rhine-Westphalia,120,8.03,9948.36,16-09-2023
1364,CON-001364,3,1277,Active,Lease,Germany,North Rhine-Westphalia,120,6.27,25748.55,22-05-2022
1365,CON-001365,12,1579,Active,Subscription,Germany,Berlin,84,7.02,27991.2,01-05-2024
1366,CON-001366,9,748,Active,Subscription,Germany,Berlin,180,6.07,27118,02-09-2023
1367,CON-001367,43,1585,Completed,PPA,Netherlands,North Brabant,120,5.69,28758.48,23-06-2023
1368,CON-001368,18,671,Active,Lease,Germany,Bavaria,180,4.13,27177.57,04-07-2023
1369,CON-001369,10,1338,Defaulted,PPA,Germany,Lower Saxony,120,7.16,30540.5,06-09-2024
1370,CON-001370,43,947,Defaulted,Standard Loan,Netherlands,North Brabant,120,4.44,30512.13,12-01-2023
1371,CON-001371,47,1285,Completed,PPA,Germany,Baden-Württemberg,120,8.33,42241.3,17-07-2024
1372,CON-001372,42,1396,In Arrears,Standard Loan,Germany,North Rhine-Westphalia,180,4.3,44811.81,31-08-2023
1373,CON-001373,10,1352,Completed,Standard Loan,Germany,Lower Saxony,84,6.01,35823.46,04-09-2022
1374,CON-001374,6,21,Active,PPA,Netherlands,South Holland,180,3.9,42974.62,11-07-2024
1375,CON-001375,38,1207,Active,Lease,Netherlands,North Holland,120,7.73,38835.6,24-08-2024
1376,CON-001376,21,1505,Completed,Standard Loan,Germany,Lower Saxony,240,6.43,16177.41,13-09-2024
1377,CON-001377,42,1258,Active,PPA,Germany,North Rhine-Westphalia,120,3.6,34710.76,08-09-2023
1378,CON-001378,17,1373,Active,Standard Loan,Germany,North Rhine-Westphalia,60,7.22,12508.84,15-04-2023
1379,CON-001379,49,1579,Active,Standard Loan,Germany,Hesse,120,5.87,12972.84,06-10-2024
1380,CON-001380,23,1489,Active,Standard Loan,Germany,North Rhine-Westphalia,120,6.18,11739.38,29-08-2024
1381,CON-001381,15,71,Active,Standard Loan,Germany,Berlin,120,7.07,15643.61,13-05-2023
1382,CON-001382,37,1510,Active,Standard Loan,Netherlands,North Holland,84,7.29,13174.85,01-11-2024
1383,CON-001383,19,1198,Active,Lease,Germany,Hesse,120,4.54,16953.8,30-07-2023
1384,CON-001384,30,1166,Active,Standard Loan,Austria,Vienna,180,8.35,11342.86,28-11-2024
1385,CON-001385,36,864,Active,Standard Loan,Austria,Styria,180,7.6,16858.13,18-05-2024
1386,CON-001386,44,653,Completed,Subscription,Germany,Hesse,84,8.28,30697.44,06-04-2023
1387,CON-001387,25,1263,Active,Subscription,Germany,Hesse,180,6.22,23607.5,21-03-2022
1388,CON-001388,16,1597,Active,Standard Loan,Germany,Berlin,180,4.78,38229.01,05-07-2023
1389,CON-001389,45,526,Active,Lease,Germany,North Rhine-Westphalia,120,8.24,31480.42,15-06-2024
1390,CON-001390,42,1928,Active,Standard Loan,Germany,North Rhine-Westphalia,180,3.71,21812.28,03-06-2023
1391,CON-001391,30,1000,Active,Standard Loan,Austria,Vienna,240,3.54,13280.27,19-07-2023
1392,CON-001392,47,673,Completed,Standard Loan,Germany,Baden-Württemberg,120,4.8,18011.76,07-05-2023
1393,CON-001393,17,425,Completed,Subscription,Germany,North Rhine-Westphalia,120,6.38,9661.43,29-03-2022
1394,CON-001394,43,1540,Active,PPA,Netherlands,North Brabant,240,6.35,14405.93,18-02-2024
1395,CON-001395,47,1603,Completed,Standard Loan,Germany,Baden-Württemberg,180,7.27,20972.38,26-10-2023
1396,CON-001396,42,122,Defaulted,Standard Loan,Germany,North Rhine-Westphalia,180,4.18,26165.52,15-05-2024
1397,CON-001397,49,1815,Completed,PPA,Germany,Hesse,240,7.44,36029.68,11-12-2023
1398,CON-001398,41,1283,Cancelled,Lease,Germany,Lower Saxony,84,8.24,29853.96,03-12-2022
1399,CON-001399,11,1886,Active,PPA,Germany,Baden-Württemberg,180,8.31,16230.45,12-11-2024
1400,CON-001400,24,1656,Cancelled,Subscription,Germany,Bavaria,84,3.54,8460.89,13-05-2023
1401,CON-001401,19,422,Defaulted,Standard Loan,Germany,Hesse,180,8.35,14892.72,28-03-2024
1402,CON-001402,42,803,Defaulted,Lease,Germany,North Rhine-Westphalia,120,6.78,14304.27,11-11-2024
1403,CON-001403,38,732,In Arrears,Lease,Netherlands,North Holland,84,4.84,18341.44,03-12-2023
1404,CON-001404,36,1464,Active,Lease,Austria,Styria,60,4.58,18016.74,16-04-2024
1405,CON-001405,5,907,Active,PPA,Austria,Vienna,180,3.99,31468.8,24-07-2024
1406,CON-001406,30,1774,Active,Standard Loan,Austria,Vienna,180,6.29,13587.86,26-10-2023
1407,CON-001407,47,179,Active,Standard Loan,Germany,Baden-Württemberg,84,3.89,26352.33,29-07-2023
1408,CON-001408,14,1853,Active,Lease,Germany,Baden-Württemberg,180,4.36,11688.11,26-12-2023
1409,CON-001409,3,367,Active,Lease,Germany,North Rhine-Westphalia,60,5.41,9859.64,15-07-2024
1410,CON-001410,24,1884,Active,PPA,Germany,Bavaria,240,4.26,9300.47,04-04-2023
1411,CON-001411,12,843,Active,Standard Loan,Germany,Berlin,180,3.85,21334.47,16-07-2024
1412,CON-001412,18,661,Completed,Subscription,Germany,Bavaria,60,3.98,17005.62,29-05-2023
1413,CON-001413,2,1640,Active,Standard Loan,Germany,Berlin,120,4.45,36811.62,14-11-2023
1414,CON-001414,11,674,Active,Standard Loan,Germany,Baden-Württemberg,60,6.05,40730.18,16-08-2024
1415,CON-001415,10,589,Active,Standard Loan,Germany,Lower Saxony,120,7.85,34267.97,25-11-2024
1416,CON-001416,26,1215,In Arrears,Standard Loan,Germany,Berlin,180,8.32,25536.56,21-05-2024
1417,CON-001417,13,566,Completed,Subscription,Germany,North Rhine-Westphalia,180,7.3,18846.02,26-07-2023
1418,CON-001418,10,1462,Cancelled,Standard Loan,Germany,Lower Saxony,120,4.22,14700.1,29-05-2024
1419,CON-001419,6,1257,Completed,Standard Loan,Netherlands,South Holland,120,5.03,38461.84,13-03-2023
1420,CON-001420,10,1328,Active,Standard Loan,Germany,Lower Saxony,180,5.6,31143.87,06-03-2023
1421,CON-001421,8,533,Active,Subscription,Germany,Berlin,120,7.59,34647.4,01-06-2024
1422,CON-001422,8,555,Active,Standard Loan,Germany,Berlin,180,6.42,20977.96,28-11-2024
1423,CON-001423,36,1739,Active,PPA,Austria,Styria,120,7.71,14316.99,29-08-2024
1424,CON-001424,50,1961,Active,Standard Loan,Austria,Styria,180,6.18,23304.08,08-07-2024
1425,CON-001425,44,1628,Active,Standard Loan,Germany,Hesse,120,4.57,22036.66,03-05-2024
1426,CON-001426,29,1661,In Arrears,Subscription,Germany,Hesse,60,7.25,24217.91,20-08-2023
1427,CON-001427,7,1930,Active,Standard Loan,Germany,Bavaria,180,6.34,11172.9,26-08-2023
1428,CON-001428,31,729,Active,Lease,Germany,Berlin,240,7.34,42868.34,27-04-2024
1429,CON-001429,8,601,Active,Standard Loan,Germany,Berlin,240,4.89,17953.57,03-07-2023
1430,CON-001430,48,1495,Active,Standard Loan,Germany,Lower Saxony,84,8.33,23178.08,27-11-2022
1431,CON-001431,5,294,Completed,Standard Loan,Austria,Vienna,180,6.93,35474.11,23-08-2024
1432,CON-001432,18,125,Active,Standard Loan,Germany,Bavaria,84,3.8,8672.43,30-08-2024
1433,CON-001433,16,241,In Arrears,Lease,Germany,Berlin,120,6.47,30650.9,31-07-2023
1434,CON-001434,41,925,Completed,Standard Loan,Germany,Lower Saxony,120,5.53,8098.05,02-03-2023
1435,CON-001435,31,1090,Cancelled,Lease,Germany,Berlin,180,4.19,26295.47,07-04-2023
1436,CON-001436,32,1802,Cancelled,Standard Loan,Germany,Lower Saxony,120,5.8,34505.35,19-05-2024
1437,CON-001437,42,67,Active,Standard Loan,Germany,North Rhine-Westphalia,240,8.25,42883.7,18-10-2023
1438,CON-001438,14,1704,Active,Standard Loan,Germany,Baden-Württemberg,60,6.48,39122.83,25-04-2022
1439,CON-001439,12,50,Cancelled,Lease,Germany,Berlin,180,4.72,24489.76,26-08-2023
1440,CON-001440,6,678,Active,PPA,Netherlands,South Holland,120,5.35,17588.1,03-11-2024
1441,CON-001441,49,1152,Active,Standard Loan,Germany,Hesse,84,4.8,39370.98,04-06-2022
1442,CON-001442,18,766,Active,Standard Loan,Germany,Bavaria,120,5.73,21877.29,08-09-2023
1443,CON-001443,45,1687,Active,Standard Loan,Germany,North Rhine-Westphalia,120,4.24,9985.74,21-08-2023
1444,CON-001444,45,1950,Active,Standard Loan,Germany,North Rhine-Westphalia,84,7.35,41679.24,09-10-2024
1445,CON-001445,8,914,In Arrears,Standard Loan,Germany,Berlin,120,7.34,43821.4,04-11-2023
1446,CON-001446,29,1654,Completed,Standard Loan,Germany,Hesse,120,6.94,41478.88,07-02-2023
1447,CON-001447,49,1512,Active,Standard Loan,Germany,Hesse,240,4.61,44842.59,27-10-2022
1448,CON-001448,9,1394,Active,Lease,Germany,Berlin,240,6.26,20284.58,18-06-2024
1449,CON-001449,47,1196,Defaulted,Standard Loan,Germany,Baden-Württemberg,240,5.23,8662.26,30-10-2024
1450,CON-001450,3,1086,In Arrears,Standard Loan,Germany,North Rhine-Westphalia,84,4.82,23110.74,02-02-2023
1451,CON-001451,13,466,In Arrears,Standard Loan,Germany,North Rhine-Westphalia,60,7.12,35588.59,27-05-2023
1452,CON-001452,38,1827,Cancelled,Subscription,Netherlands,North Holland,60,3.95,9086.51,29-10-2023
1453,CON-001453,37,290,Active,Subscription,Netherlands,North Holland,120,5.13,43361.65,24-08-2024
1454,CON-001454,14,1191,In Arrears,Standard Loan,Germany,Baden-Württemberg,240,5.03,14575.06,21-04-2022
1455,CON-001455,12,843,Active,Standard Loan,Germany,Berlin,180,3.63,31015.45,14-06-2024
1456,CON-001456,39,777,In Arrears,Standard Loan,Germany,Berlin,240,5.05,39277.74,17-01-2023
1457,CON-001457,50,1046,Active,Standard Loan,Austria,Styria,240,7.28,35729.77,03-12-2022
1458,CON-001458,48,331,Active,Standard Loan,Germany,Lower Saxony,120,7.74,34032.92,02-08-2022
1459,CON-001459,9,730,In Arrears,PPA,Germany,Berlin,240,6.61,24351.4,09-02-2023
1460,CON-001460,24,698,Active,Standard Loan,Germany,Bavaria,180,4.97,25282.02,09-11-2023
1461,CON-001461,4,798,Active,Standard Loan,Germany,Hesse,60,8.37,12027.56,02-10-2022
1462,CON-001462,16,1509,In Arrears,Standard Loan,Germany,Berlin,120,4.86,15750.57,09-02-2023
1463,CON-001463,38,813,Active,PPA,Netherlands,North Holland,240,4.25,20442.3,21-01-2023
1464,CON-001464,33,1459,Active,Standard Loan,Germany,Lower Saxony,120,6.37,14366.5,25-07-2023
1465,CON-001465,15,1853,Active,Lease,Germany,Berlin,84,7.05,26243.13,01-05-2023
1466,CON-001466,29,1044,Active,Standard Loan,Germany,Hesse,180,5.65,19348.75,30-11-2022
1467,CON-001467,44,427,Active,Subscription,Germany,Hesse,180,6.14,18257.42,13-12-2022
1468,CON-001468,21,1313,In Arrears,Standard Loan,Germany,Lower Saxony,120,3.99,11727.99,18-02-2024
1469,CON-001469,42,1781,Active,PPA,Germany,North Rhine-Westphalia,180,4.89,37679.45,27-10-2022
1470,CON-001470,7,1130,Active,Standard Loan,Germany,Bavaria,180,8.26,23683.71,15-09-2023
1471,CON-001471,37,1793,In Arrears,Standard Loan,Netherlands,North Holland,120,8.44,15497.52,10-11-2024
1472,CON-001472,33,575,Active,Standard Loan,Germany,Lower Saxony,180,8.06,9831.45,06-10-2024
1473,CON-001473,47,1433,Active,Standard Loan,Germany,Baden-Württemberg,180,4.7,35757.86,23-05-2024
1474,CON-001474,42,1490,Active,Subscription,Germany,North Rhine-Westphalia,120,7.4,11883.6,30-10-2023
1475,CON-001475,40,420,Active,Standard Loan,Germany,Bavaria,180,8.39,44653.1,04-10-2024
1476,CON-001476,32,238,Active,Standard Loan,Germany,Lower Saxony,120,6.12,40091.42,31-12-2023
1477,CON-001477,49,1473,Cancelled,Lease,Germany,Hesse,120,7.03,8837.45,27-04-2023
1478,CON-001478,36,45,Active,Standard Loan,Austria,Styria,180,5.86,36837.42,22-08-2024
1479,CON-001479,7,1506,In Arrears,Standard Loan,Germany,Bavaria,60,6.95,12109.52,11-01-2024
1480,CON-001480,45,427,Active,Standard Loan,Germany,North Rhine-Westphalia,120,8.44,17298.63,17-08-2024
1481,CON-001481,18,561,Active,Standard Loan,Germany,Bavaria,180,6.3,11923.57,14-10-2023
1482,CON-001482,1,1849,Active,Standard Loan,Germany,Bavaria,120,5.26,40083.87,19-12-2023
1483,CON-001483,36,864,Active,Subscription,Austria,Styria,84,7.34,15891.63,27-04-2024
1484,CON-001484,7,1861,Active,Lease,Germany,Bavaria,180,7.32,28404.98,29-11-2023
1485,CON-001485,2,669,Active,Subscription,Germany,Berlin,180,3.83,30930.52,21-01-2024
1486,CON-001486,47,1272,Active,Standard Loan,Germany,Baden-Württemberg,60,3.77,12271.28,17-06-2023
1487,CON-001487,5,1425,In Arrears,Lease,Austria,Vienna,84,5.32,44231.33,02-08-2022
1488,CON-001488,40,1821,Active,Standard Loan,Germany,Bavaria,120,4.56,35678.13,13-04-2023
1489,CON-001489,8,641,Active,Lease,Germany,Berlin,120,4.6,8378.1,30-05-2023
1490,CON-001490,42,262,Active,Lease,Germany,North Rhine-Westphalia,180,3.73,11734.56,27-02-2023
1491,CON-001491,40,1350,Completed,Lease,Germany,Bavaria,180,5.52,37384.95,06-12-2023
1492,CON-001492,18,1073,Defaulted,Standard Loan,Germany,Bavaria,60,5.13,38346.86,13-10-2022
1493,CON-001493,27,485,In Arrears,Standard Loan,Austria,Upper Austria,120,7.6,29652.69,24-11-2022
1494,CON-001494,13,1248,Active,Standard Loan,Germany,North Rhine-Westphalia,84,7.35,41515.82,21-06-2023
1495,CON-001495,12,1982,Active,Subscription,Germany,Berlin,120,5.21,17605.1,09-10-2024
1496,CON-001496,4,819,Completed,Standard Loan,Germany,Hesse,120,4.64,22184.04,21-05-2024
1497,CON-001497,38,763,In Arrears,Standard Loan,Netherlands,North Holland,120,7.37,25336.86,16-10-2024
1498,CON-001498,6,807,Completed,PPA,Netherlands,South Holland,180,5.82,21381.19,27-04-2023
1499,CON-001499,26,1133,Active,Standard Loan,Germany,Berlin,120,7.11,16010.98,01-07-2023
1500,CON-001500,1,1584,Active,Lease,Germany,Bavaria,120,3.86,19163.42,31-08-2023
1501,CON-001501,21,80,In Arrears,PPA,Germany,Lower Saxony,120,7.35,22593.81,07-05-2024
1502,CON-001502,10,381,Active,PPA,Germany,Lower Saxony,240,5.74,23858.6,08-06-2023
1503,CON-001503,36,362,Active,Subscription,Austria,Styria,180,7.03,42893.93,02-01-2024
1504,CON-001504,25,1171,Active,Standard Loan,Germany,Hesse,180,4.59,27573.51,22-02-2023
1505,CON-001505,36,278,Active,Standard Loan,Austria,Styria,120,8.18,44764.98,11-04-2024
1506,CON-001506,18,854,Completed,PPA,Germany,Bavaria,120,5.23,8939.78,10-03-2023
1507,CON-001507,25,1483,Completed,Standard Loan,Germany,Hesse,60,8.02,30058.7,22-03-2024
1508,CON-001508,36,172,Active,Standard Loan,Austria,Styria,120,7.18,26507.09,26-06-2024
1509,CON-001509,13,962,Active,PPA,Germany,North Rhine-Westphalia,120,7.81,16925.88,17-05-2023
1510,CON-001510,25,1973,Cancelled,Standard Loan,Germany,Hesse,180,5.78,15630.96,29-03-2024
1511,CON-001511,48,1090,Defaulted,Standard Loan,Germany,Lower Saxony,84,3.88,25197.18,12-11-2022
1512,CON-001512,7,1783,Defaulted,Standard Loan,Germany,Bavaria,84,7.4,13831.74,08-01-2024
1513,CON-001513,15,961,Cancelled,PPA,Germany,Berlin,120,4.66,21867.49,12-02-2024
1514,CON-001514,49,1730,Active,Standard Loan,Germany,Hesse,180,4.4,9094.76,05-01-2024
1515,CON-001515,49,345,Active,Standard Loan,Germany,Hesse,60,8.48,40947.89,30-11-2023
1516,CON-001516,26,840,Defaulted,PPA,Germany,Berlin,120,7.84,24671.35,14-01-2024
1517,CON-001517,47,62,Active,Standard Loan,Germany,Baden-Württemberg,120,4.47,40822.48,15-04-2023
1518,CON-001518,1,1466,Cancelled,Standard Loan,Germany,Bavaria,84,4.42,38899.84,23-01-2024
1519,CON-001519,12,174,Cancelled,Standard Loan,Germany,Berlin,84,4.89,24413.25,12-08-2024
1520,CON-001520,12,425,Active,Lease,Germany,Berlin,180,5.13,10252.03,29-06-2024
1521,CON-001521,50,598,Active,PPA,Austria,Styria,180,7.19,16320.05,03-06-2024
1522,CON-001522,10,586,Active,Standard Loan,Germany,Lower Saxony,180,4.09,22341.82,15-01-2023
1523,CON-001523,49,103,Active,PPA,Germany,Hesse,60,7.65,34585.47,30-07-2023
1524,CON-001524,24,1258,Active,Lease,Germany,Bavaria,120,8.39,29760.15,26-11-2024
1525,CON-001525,2,274,Active,Standard Loan,Germany,Berlin,180,5.67,38194.39,24-07-2023
1526,CON-001526,44,1584,Completed,Lease,Germany,Hesse,60,7.07,11821.46,23-12-2023
1527,CON-001527,9,865,Active,Standard Loan,Germany,Berlin,180,8.22,40638.32,08-12-2023
1528,CON-001528,14,611,In Arrears,Standard Loan,Germany,Baden-Württemberg,120,4.37,13804.47,09-04-2022
1529,CON-001529,9,1966,Completed,Standard Loan,Germany,Berlin,120,3.7,37954.74,31-07-2023
1530,CON-001530,49,1829,Completed,Lease,Germany,Hesse,180,8.45,18496.16,07-11-2024
1531,CON-001531,3,212,Completed,Standard Loan,Germany,North Rhine-Westphalia,180,4.54,15164.72,19-09-2023
1532,CON-001532,9,570,Active,Lease,Germany,Berlin,240,6.46,12893.72,31-12-2023
1533,CON-001533,39,1376,Active,PPA,Germany,Berlin,84,7.66,37180.43,13-02-2023
1534,CON-001534,4,402,Active,Standard Loan,Germany,Hesse,120,5.07,40358.93,25-10-2024
1535,CON-001535,8,883,Active,Standard Loan,Germany,Berlin,84,5.91,19432.63,19-09-2023
1536,CON-001536,46,1225,Active,Standard Loan,Netherlands,North Holland,180,4.84,11437.55,16-07-2024
1537,CON-001537,35,1108,Active,Lease,Germany,Lower Saxony,84,5.73,34010.65,01-10-2023
1538,CON-001538,8,63,Active,Standard Loan,Germany,Berlin,120,4.26,39562.74,11-05-2023
1539,CON-001539,21,831,Active,PPA,Germany,Lower Saxony,180,7.95,23751.77,21-04-2024
1540,CON-001540,2,48,Active,Standard Loan,Germany,Berlin,180,7.9,41388.27,03-08-2022
1541,CON-001541,9,1885,Active,Standard Loan,Germany,Berlin,180,7.8,21121.15,20-11-2023
1542,CON-001542,37,483,Active,Lease,Netherlands,North Holland,120,6.83,9826.67,27-09-2023
1543,CON-001543,35,1457,Active,Standard Loan,Germany,Lower Saxony,120,7.21,39818.87,25-09-2023
1544,CON-001544,30,171,Active,Standard Loan,Austria,Vienna,180,6.88,33915.24,19-11-2022
1545,CON-001545,47,168,Active,Subscription,Germany,Baden-Württemberg,120,3.71,26230.24,31-07-2024
1546,CON-001546,45,1311,Active,Lease,Germany,North Rhine-Westphalia,120,6.29,21108.74,26-02-2024
1547,CON-001547,4,73,In Arrears,Lease,Germany,Hesse,120,4.95,24031.77,19-09-2024
1548,CON-001548,35,1883,Active,Subscription,Germany,Lower Saxony,180,6.15,38693.07,20-05-2024
1549,CON-001549,18,1030,Active,Standard Loan,Germany,Bavaria,120,5.52,14360.34,02-10-2024
1550,CON-001550,36,723,Defaulted,Lease,Austria,Styria,120,4.58,36865.16,01-06-2024
1551,CON-001551,6,1806,Active,Standard Loan,Netherlands,South Holland,120,4.36,40174.33,15-08-2023
1552,CON-001552,10,1356,In Arrears,Standard Loan,Germany,Lower Saxony,240,5.53,36006.52,14-06-2024
1553,CON-001553,30,1908,Active,Standard Loan,Austria,Vienna,120,4.4,8470.36,20-04-2024
1554,CON-001554,47,882,Active,Standard Loan,Germany,Baden-Württemberg,120,6.47,37158.26,28-08-2024
1555,CON-001555,42,1474,Defaulted,PPA,Germany,North Rhine-Westphalia,120,3.5,41986.75,25-08-2022
1556,CON-001556,4,342,Active,Standard Loan,Germany,Hesse,84,3.83,38930.29,01-12-2023
1557,CON-001557,5,1718,Active,Standard Loan,Austria,Vienna,120,4.73,36231.57,18-10-2022
1558,CON-001558,43,1417,In Arrears,Subscription,Netherlands,North Brabant,120,5.41,8214.19,08-11-2024
1559,CON-001559,47,1089,In Arrears,Lease,Germany,Baden-Württemberg,180,5.1,18396.5,03-06-2024
1560,CON-001560,42,885,Cancelled,Standard Loan,Germany,North Rhine-Westphalia,180,5.45,16080.38,30-06-2023
1561,CON-001561,31,1251,Active,Standard Loan,Germany,Berlin,84,5.62,24453.64,29-04-2023
1562,CON-001562,7,389,Completed,Standard Loan,Germany,Bavaria,180,4.07,31787.82,22-05-2023
1563,CON-001563,37,1393,Defaulted,Standard Loan,Netherlands,North Holland,84,4.5,11668.25,13-04-2024
1564,CON-001564,47,1024,Active,Subscription,Germany,Baden-Württemberg,120,6.79,22369.38,24-07-2023
1565,CON-001565,45,1637,Active,Lease,Germany,North Rhine-Westphalia,180,4.54,17287.29,08-09-2023
1566,CON-001566,4,943,Active,Lease,Germany,Hesse,180,5.87,39758.88,29-11-2023
1567,CON-001567,2,1071,Active,PPA,Germany,Berlin,120,6.58,14985.07,07-07-2024
1568,CON-001568,15,191,Active,Standard Loan,Germany,Berlin,120,4.84,36437.55,06-11-2023
1569,CON-001569,23,588,In Arrears,Standard Loan,Germany,North Rhine-Westphalia,120,5.44,17454.55,22-09-2023
1570,CON-001570,44,591,Active,Standard Loan,Germany,Hesse,180,5.39,36159.41,26-06-2023
1571,CON-001571,24,443,Active,Standard Loan,Germany,Bavaria,180,4.83,32154.97,25-04-2024
1572,CON-001572,27,869,Active,Lease,Austria,Upper Austria,120,8.22,14452.1,04-05-2023
1573,CON-001573,1,25,Active,Standard Loan,Germany,Bavaria,180,5.88,10873.15,21-01-2024
1574,CON-001574,36,1393,Active,Standard Loan,Austria,Styria,120,5.78,43378.85,16-01-2024
1575,CON-001575,21,1689,Active,Standard Loan,Germany,Lower Saxony,180,7.72,43631.7,12-11-2024
1576,CON-001576,45,381,Completed,Subscription,Germany,North Rhine-Westphalia,180,5.44,16652.08,14-11-2022
1577,CON-001577,5,1782,Active,Standard Loan,Austria,Vienna,60,5.36,27148.58,03-07-2024
1578,CON-001578,4,151,Active,Standard Loan,Germany,Hesse,84,7.72,8410.44,29-08-2024
1579,CON-001579,37,659,Completed,Standard Loan,Netherlands,North Holland,60,8.38,21443.61,10-07-2024
1580,CON-001580,18,560,Active,Standard Loan,Germany,Bavaria,84,4.84,23717.81,04-07-2024
1581,CON-001581,35,1457,Cancelled,Lease,Germany,Lower Saxony,180,5.86,37283.96,10-06-2023
1582,CON-001582,8,1783,Active,PPA,Germany,Berlin,120,7.79,41715.31,08-10-2023
1583,CON-001583,34,281,Active,Lease,Germany,Baden-Württemberg,120,6.04,20176.58,04-06-2023
1584,CON-001584,42,205,Active,Lease,Germany,North Rhine-Westphalia,84,5.57,19273.16,18-05-2024
1585,CON-001585,44,1687,Completed,Lease,Germany,Hesse,240,3.62,39221.88,19-10-2023
1586,CON-001586,43,1098,Active,Standard Loan,Netherlands,North Brabant,120,4.19,38652.13,24-12-2023
1587,CON-001587,36,1239,Active,Standard Loan,Austria,Styria,180,6.23,22854.49,21-11-2024
1588,CON-001588,10,1360,Defaulted,Standard Loan,Germany,Lower Saxony,120,4.31,42444.5,15-10-2022
1589,CON-001589,47,1670,Active,Lease,Germany,Baden-Württemberg,180,6.04,30781.26,23-07-2023
1590,CON-001590,30,1128,Defaulted,Standard Loan,Austria,Vienna,120,5.59,19945.75,04-07-2022
1591,CON-001591,42,610,Completed,Standard Loan,Germany,North Rhine-Westphalia,180,8.11,27754.06,22-07-2023
1592,CON-001592,14,1347,In Arrears,Standard Loan,Germany,Baden-Württemberg,84,4.53,33731.87,28-12-2022
1593,CON-001593,45,708,Active,Standard Loan,Germany,North Rhine-Westphalia,240,5.01,44613.98,03-03-2023
1594,CON-001594,41,1763,Active,Standard Loan,Germany,Lower Saxony,120,8.47,30156.13,31-12-2023
1595,CON-001595,30,1560,Active,Subscription,Austria,Vienna,120,6.54,14009.02,15-03-2023
1596,CON-001596,39,1312,Active,Standard Loan,Germany,Berlin,84,3.77,13427.83,04-09-2024
1597,CON-001597,30,262,Active,Standard Loan,Austria,Vienna,180,3.53,31458.65,31-07-2023
1598,CON-001598,7,412,In Arrears,Standard Loan,Germany,Bavaria,120,7.28,41408.5,24-04-2024
1599,CON-001599,43,858,Active,Standard Loan,Netherlands,North Brabant,240,6.79,41346.34,27-10-2023
1600,CON-001600,47,1640,Active,Standard Loan,Germany,Baden-Württemberg,120,8.18,44161.08,20-05-2023
1601,CON-001601,24,1812,In Arrears,Standard Loan,Germany,Bavaria,120,6.2,27150.51,09-03-2023
1602,CON-001602,9,58,Active,Standard Loan,Germany,Berlin,180,5.57,14432.57,11-05-2023
1603,CON-001603,29,1955,Active,Lease,Germany,Hesse,180,3.6,13450.29,28-12-2022
1604,CON-001604,18,568,Active,Subscription,Germany,Bavaria,180,6.66,11286.24,29-04-2024
1605,CON-001605,36,1421,Active,Standard Loan,Austria,Styria,180,4.36,25473.17,13-06-2024
1606,CON-001606,8,1547,Active,Subscription,Germany,Berlin,84,3.78,36024.17,04-05-2024
1607,CON-001607,11,1044,Active,Lease,Germany,Baden-Württemberg,120,4.59,37713.54,12-10-2023
1608,CON-001608,18,318,In Arrears,Lease,Germany,Bavaria,180,8,11005.25,31-10-2024
1609,CON-001609,42,1702,Active,Standard Loan,Germany,North Rhine-Westphalia,120,6.79,21835.59,03-09-2022
1610,CON-001610,47,474,Active,Standard Loan,Germany,Baden-Württemberg,120,3.54,28398.83,06-05-2024
1611,CON-001611,42,1016,In Arrears,Standard Loan,Germany,North Rhine-Westphalia,84,5.38,36158.67,09-06-2022
1612,CON-001612,17,1134,Active,Lease,Germany,North Rhine-Westphalia,180,3.71,21129.81,04-09-2024
1613,CON-001613,5,1254,Active,Standard Loan,Austria,Vienna,180,7.39,18300.11,17-10-2023
1614,CON-001614,21,1536,In Arrears,Standard Loan,Germany,Lower Saxony,120,4.09,40348.3,27-10-2024
1615,CON-001615,21,1098,Active,Standard Loan,Germany,Lower Saxony,120,8.5,43547.02,31-08-2024
1616,CON-001616,21,959,Active,Standard Loan,Germany,Lower Saxony,120,6.43,12785.87,05-11-2024
1617,CON-001617,46,744,Active,Standard Loan,Netherlands,North Holland,84,3.75,17493.17,12-05-2023
1618,CON-001618,21,132,Cancelled,Lease,Germany,Lower Saxony,120,5.49,43760.44,14-02-2024
1619,CON-001619,21,1946,Active,Standard Loan,Germany,Lower Saxony,120,8.43,41621.2,03-08-2024
1620,CON-001620,47,1776,Active,Subscription,Germany,Baden-Württemberg,84,5.1,28455.3,06-08-2024
1621,CON-001621,30,1718,Active,Standard Loan,Austria,Vienna,120,4.44,41905.49,24-07-2023
1622,CON-001622,29,544,Active,Lease,Germany,Hesse,180,7.57,11538.89,12-08-2023
1623,CON-001623,10,1310,Active,Standard Loan,Germany,Lower Saxony,84,4.13,8364.21,30-10-2022
1624,CON-001624,16,1743,Active,Lease,Germany,Berlin,180,8.15,13431.38,18-04-2024
1625,CON-001625,5,407,Active,Subscription,Austria,Vienna,180,4.63,9248.96,20-08-2024
1626,CON-001626,5,856,Active,Lease,Austria,Vienna,84,7.56,26341.13,10-08-2022
1627,CON-001627,8,400,Active,Lease,Germany,Berlin,120,5.14,32840.39,08-02-2024
1628,CON-001628,36,86,Active,Standard Loan,Austria,Styria,240,5.15,43875.98,28-04-2024
1629,CON-001629,10,571,Active,Subscription,Germany,Lower Saxony,60,8.16,44753.07,30-03-2023
1630,CON-001630,6,1951,In Arrears,PPA,Netherlands,South Holland,240,5.5,41868.83,18-09-2024
1631,CON-001631,47,1582,Active,Standard Loan,Germany,Baden-Württemberg,180,7.79,22885.03,26-02-2023
1632,CON-001632,25,1493,Active,Lease,Germany,Hesse,240,5.74,23114.17,26-11-2023
1633,CON-001633,49,418,Active,PPA,Germany,Hesse,180,7.16,43652.62,07-07-2024
1634,CON-001634,17,760,Cancelled,Standard Loan,Germany,North Rhine-Westphalia,120,4.1,14044.57,15-01-2023
1635,CON-001635,36,1581,Active,Standard Loan,Austria,Styria,60,3.76,26137.1,23-06-2024
1636,CON-001636,26,1096,In Arrears,Standard Loan,Germany,Berlin,84,3.93,29297.15,10-01-2023
1637,CON-001637,18,1415,Active,Standard Loan,Germany,Bavaria,120,7.11,29859.09,14-11-2024
1638,CON-001638,24,971,Active,Lease,Germany,Bavaria,180,7.76,19488.83,13-08-2023
1639,CON-001639,41,300,Defaulted,Standard Loan,Germany,Lower Saxony,120,8.29,23391.36,24-11-2022
1640,CON-001640,5,790,Completed,Lease,Austria,Vienna,180,5.85,19890.05,29-07-2022
1641,CON-001641,42,252,Active,Subscription,Germany,North Rhine-Westphalia,180,7.77,44074.56,05-11-2024
1642,CON-001642,9,143,Active,Lease,Germany,Berlin,60,5.26,15125.67,13-11-2023
1643,CON-001643,5,1270,Active,PPA,Austria,Vienna,60,5.23,35453.54,27-12-2023
1644,CON-001644,18,975,Active,Lease,Germany,Bavaria,120,7.5,22518.82,05-04-2023
1645,CON-001645,7,544,Active,Standard Loan,Germany,Bavaria,120,5.86,9871.4,24-08-2024
1646,CON-001646,42,1205,In Arrears,Subscription,Germany,North Rhine-Westphalia,120,5.06,27964.32,22-02-2023
1647,CON-001647,13,1261,Active,Lease,Germany,North Rhine-Westphalia,84,3.91,27966.22,09-09-2024
1648,CON-001648,21,383,Active,Standard Loan,Germany,Lower Saxony,84,5.36,38368.41,29-02-2024
1649,CON-001649,49,146,Active,Lease,Germany,Hesse,120,6.2,13607.42,22-03-2024
1650,CON-001650,18,1085,Completed,Lease,Germany,Bavaria,120,5.69,30211.59,08-08-2023
1651,CON-001651,18,1834,Completed,Lease,Germany,Bavaria,60,4.45,44461.78,02-02-2023
1652,CON-001652,28,1616,Active,Subscription,Germany,Lower Saxony,180,5.94,26706.8,21-07-2024
1653,CON-001653,3,168,Active,PPA,Germany,North Rhine-Westphalia,120,6.58,28011.5,11-10-2022
1654,CON-001654,15,1541,Active,Standard Loan,Germany,Berlin,84,7.78,13374.6,30-03-2023
1655,CON-001655,18,1985,Active,Lease,Germany,Bavaria,120,5.21,37612.67,24-06-2023
1656,CON-001656,7,1280,Active,Standard Loan,Germany,Bavaria,120,5.77,33298.53,04-12-2022
1657,CON-001657,33,1620,Active,Lease,Germany,Lower Saxony,120,8.26,21444.26,15-02-2023
1658,CON-001658,42,1234,Defaulted,Standard Loan,Germany,North Rhine-Westphalia,180,7.36,41985.75,05-03-2024
1659,CON-001659,40,221,Active,Standard Loan,Germany,Bavaria,180,6.36,34980.2,18-01-2023
1660,CON-001660,42,1485,Active,Lease,Germany,North Rhine-Westphalia,84,5.54,17183.3,01-06-2023
1661,CON-001661,47,959,Active,Standard Loan,Germany,Baden-Württemberg,84,5.42,35374.94,05-02-2023
1662,CON-001662,30,1000,Cancelled,Standard Loan,Austria,Vienna,240,6.08,9791.49,11-10-2022
1663,CON-001663,12,1405,Defaulted,Standard Loan,Germany,Berlin,120,3.54,9628.62,18-01-2024
1664,CON-001664,35,11,Active,Standard Loan,Germany,Lower Saxony,180,6.44,8405.11,27-05-2023
1665,CON-001665,9,1426,Active,Standard Loan,Germany,Berlin,180,4.22,13004.46,23-07-2023
1666,CON-001666,36,509,Active,PPA,Austria,Styria,180,6.34,33756.21,21-07-2024
1667,CON-001667,31,1113,Active,PPA,Germany,Berlin,60,6.62,27737.51,09-12-2023
1668,CON-001668,24,624,Active,Subscription,Germany,Bavaria,240,6.81,17538.21,24-06-2024
1669,CON-001669,3,323,Active,Lease,Germany,North Rhine-Westphalia,180,8.13,16329.78,12-09-2023
1670,CON-001670,35,792,Defaulted,PPA,Germany,Lower Saxony,120,5.24,20964.47,30-11-2024
1671,CON-001671,40,208,Active,Standard Loan,Germany,Bavaria,84,4.34,37385.47,24-12-2023
1672,CON-001672,34,1561,Completed,PPA,Germany,Baden-Württemberg,120,3.56,43871.78,13-02-2024
1673,CON-001673,17,215,Active,Standard Loan,Germany,North Rhine-Westphalia,60,5.74,31692.84,08-06-2023
1674,CON-001674,19,500,Cancelled,Standard Loan,Germany,Hesse,120,3.64,21854.98,24-06-2023
1675,CON-001675,36,1757,Active,Lease,Austria,Styria,120,7.54,19693.24,14-01-2024
1676,CON-001676,31,1648,Active,Standard Loan,Germany,Berlin,120,3.88,17075.91,05-05-2023
1677,CON-001677,14,1743,Active,Standard Loan,Germany,Baden-Württemberg,120,7.23,15910.38,20-11-2024
1678,CON-001678,47,1037,Active,Lease,Germany,Baden-Württemberg,60,7.11,12555,11-09-2024
1679,CON-001679,29,885,Active,Standard Loan,Germany,Hesse,120,7.22,19112.74,09-01-2024
1680,CON-001680,21,583,Active,Standard Loan,Germany,Lower Saxony,84,5.11,30469.11,08-06-2024
1681,CON-001681,30,911,Active,PPA,Austria,Vienna,120,7.36,43911.06,05-02-2024
1682,CON-001682,42,965,Active,Lease,Germany,North Rhine-Westphalia,84,3.53,31768.39,06-01-2023
1683,CON-001683,23,986,Active,Standard Loan,Germany,North Rhine-Westphalia,180,4.22,34139.32,15-09-2023
1684,CON-001684,36,247,Cancelled,Standard Loan,Austria,Styria,120,3.7,40137.36,23-06-2024
1685,CON-001685,40,625,Active,Subscription,Germany,Bavaria,120,7.8,32151.41,18-02-2024
1686,CON-001686,35,272,Active,Standard Loan,Germany,Lower Saxony,180,7.84,32113.11,03-01-2024
1687,CON-001687,10,1950,Active,PPA,Germany,Lower Saxony,180,3.5,23661.35,19-04-2023
1688,CON-001688,10,846,Active,Lease,Germany,Lower Saxony,84,4.98,32414.19,24-12-2022
1689,CON-001689,45,1919,Active,Standard Loan,Germany,North Rhine-Westphalia,120,7.6,39894.65,21-05-2024
1690,CON-001690,18,520,Active,Standard Loan,Germany,Bavaria,240,5.71,24147.45,09-09-2022
1691,CON-001691,49,430,Active,Lease,Germany,Hesse,180,5.47,18520.8,20-05-2022
1692,CON-001692,10,1622,Active,Standard Loan,Germany,Lower Saxony,180,4.25,12746.4,06-05-2024
1693,CON-001693,5,829,Active,Standard Loan,Austria,Vienna,180,3.67,22741.75,24-12-2023
1694,CON-001694,42,52,Active,Standard Loan,Germany,North Rhine-Westphalia,120,4.69,37510.11,02-11-2023
1695,CON-001695,35,1756,Active,PPA,Germany,Lower Saxony,180,3.92,38491.39,04-10-2023
1696,CON-001696,16,404,Completed,Lease,Germany,Berlin,120,6.88,40136.06,03-11-2023
1697,CON-001697,23,145,Active,Standard Loan,Germany,North Rhine-Westphalia,120,3.51,42260.02,19-03-2024
1698,CON-001698,37,326,Completed,Standard Loan,Netherlands,North Holland,180,5.28,39337.13,13-11-2024
1699,CON-001699,49,52,Active,Standard Loan,Germany,Hesse,180,4.91,24569.22,12-07-2023
1700,CON-001700,32,1397,Active,PPA,Germany,Lower Saxony,84,6.44,36492.76,22-10-2024
1701,CON-001701,37,1231,Active,Lease,Netherlands,North Holland,120,8.07,26725.19,30-08-2023
1702,CON-001702,45,1633,Active,PPA,Germany,North Rhine-Westphalia,180,6.49,37616.12,17-07-2022
1703,CON-001703,41,1456,Active,Standard Loan,Germany,Lower Saxony,84,7.23,44088.31,07-06-2023
1704,CON-001704,8,1706,Active,Lease,Germany,Berlin,120,8.17,27745.7,16-02-2024
1705,CON-001705,46,873,Defaulted,Standard Loan,Netherlands,North Holland,120,5.2,17304.68,06-09-2023
1706,CON-001706,24,1157,Active,Subscription,Germany,Bavaria,84,4.47,29888.4,23-07-2023
1707,CON-001707,47,508,Active,PPA,Germany,Baden-Württemberg,84,5.49,25060.52,05-11-2024
1708,CON-001708,41,357,Active,Standard Loan,Germany,Lower Saxony,84,6.13,28203.34,09-03-2023
1709,CON-001709,30,1573,In Arrears,Standard Loan,Austria,Vienna,120,3.75,33808.55,12-05-2022
1710,CON-001710,38,903,Active,Subscription,Netherlands,North Holland,120,5.84,44243.05,31-08-2023
1711,CON-001711,49,528,Active,Lease,Germany,Hesse,180,6.08,33407.85,26-06-2024
1712,CON-001712,42,1087,Completed,Standard Loan,Germany,North Rhine-Westphalia,120,8.36,39683.69,04-03-2024
1713,CON-001713,11,1469,Active,Standard Loan,Germany,Baden-Württemberg,180,3.8,40562.11,07-03-2023
1714,CON-001714,6,1894,Active,Subscription,Netherlands,South Holland,180,6.92,23035.03,16-01-2024
1715,CON-001715,48,1533,Active,Standard Loan,Germany,Lower Saxony,180,7.94,21026.41,06-09-2024
1716,CON-001716,15,1902,Active,Standard Loan,Germany,Berlin,120,5.19,37115.17,25-01-2024
1717,CON-001717,36,1673,Active,Standard Loan,Austria,Styria,120,4.78,11940.92,28-06-2024
1718,CON-001718,5,498,Completed,Standard Loan,Austria,Vienna,120,4.98,13317.65,10-04-2024
1719,CON-001719,29,358,Completed,PPA,Germany,Hesse,60,7.38,38950.4,07-02-2024
1720,CON-001720,38,870,Active,Subscription,Netherlands,North Holland,120,3.73,31021.8,26-04-2023
1721,CON-001721,28,1895,Active,Subscription,Germany,Lower Saxony,60,6.97,35058.91,19-11-2022
1722,CON-001722,41,1677,Active,PPA,Germany,Lower Saxony,84,6.84,8448.29,07-01-2023
1723,CON-001723,25,1320,In Arrears,Lease,Germany,Hesse,240,7.98,40472.68,04-07-2024
1724,CON-001724,7,1398,Active,Standard Loan,Germany,Bavaria,120,3.57,19757.61,17-07-2024
1725,CON-001725,40,1462,Active,Standard Loan,Germany,Bavaria,120,8.44,44026.26,11-10-2024
1726,CON-001726,35,1384,Active,Lease,Germany,Lower Saxony,180,7.94,29625.69,31-01-2024
1727,CON-001727,8,1542,Completed,Standard Loan,Germany,Berlin,84,6.58,17999.8,05-08-2022
1728,CON-001728,12,431,Completed,Standard Loan,Germany,Berlin,180,7.31,20288.57,12-11-2024
1729,CON-001729,10,1950,Active,Standard Loan,Germany,Lower Saxony,84,6.32,24280.68,15-09-2022
1730,CON-001730,23,298,Active,Standard Loan,Germany,North Rhine-Westphalia,240,4.07,19424.21,13-03-2024
1731,CON-001731,14,1293,Completed,Standard Loan,Germany,Baden-Württemberg,180,4.51,26531.83,22-08-2023
1732,CON-001732,33,1804,Active,Standard Loan,Germany,Lower Saxony,180,6.98,37821.29,24-07-2024
1733,CON-001733,36,1838,Active,Lease,Austria,Styria,60,6.71,34735.15,05-07-2024
1734,CON-001734,15,1611,Active,Standard Loan,Germany,Berlin,120,6.08,11650.31,01-05-2024
1735,CON-001735,21,1326,In Arrears,Lease,Germany,Lower Saxony,180,6.71,33211.14,28-05-2024
1736,CON-001736,45,1383,Completed,PPA,Germany,North Rhine-Westphalia,120,4.25,36820.76,25-10-2023
1737,CON-001737,31,1162,Active,Lease,Germany,Berlin,120,3.62,23555.11,17-05-2024
1738,CON-001738,12,638,Active,Standard Loan,Germany,Berlin,180,8.23,8998.07,22-08-2024
1739,CON-001739,42,366,Completed,PPA,Germany,North Rhine-Westphalia,180,7.31,23851.29,04-04-2024
1740,CON-001740,37,1011,Active,Standard Loan,Netherlands,North Holland,60,7.94,18381.01,12-09-2024
1741,CON-001741,14,889,Active,Subscription,Germany,Baden-Württemberg,120,5.07,15493.43,03-06-2023
1742,CON-001742,44,1785,Active,Standard Loan,Germany,Hesse,180,7.71,35711.04,13-03-2024
1743,CON-001743,32,956,Completed,Lease,Germany,Lower Saxony,60,6.41,21674.97,26-11-2023
1744,CON-001744,9,301,Active,Standard Loan,Germany,Berlin,120,6.25,24401.87,26-06-2023
1745,CON-001745,9,553,Active,Standard Loan,Germany,Berlin,120,4.25,29966.08,27-03-2024
1746,CON-001746,47,110,Completed,Standard Loan,Germany,Baden-Württemberg,60,7.75,35314.43,01-10-2024
1747,CON-001747,47,1124,Active,Standard Loan,Germany,Baden-Württemberg,120,5.43,32259.54,28-07-2024
1748,CON-001748,42,827,Completed,Lease,Germany,North Rhine-Westphalia,60,5.51,34464.94,23-08-2023
1749,CON-001749,44,1024,Active,Standard Loan,Germany,Hesse,84,5.91,13429.18,03-02-2024
1750,CON-001750,33,1432,Active,Standard Loan,Germany,Lower Saxony,240,6.06,42398.79,16-11-2023
1751,CON-001751,46,232,Active,PPA,Netherlands,North Holland,180,3.72,26160.7,21-07-2023
1752,CON-001752,41,520,Active,Standard Loan,Germany,Lower Saxony,120,6.95,8490.98,12-05-2023
1753,CON-001753,9,510,Active,PPA,Germany,Berlin,84,5.15,31388.65,04-07-2023
1754,CON-001754,23,1029,Active,PPA,Germany,North Rhine-Westphalia,84,3.97,25702.32,05-03-2024
1755,CON-001755,12,1788,Active,Standard Loan,Germany,Berlin,120,5.06,44328.66,29-02-2024
1756,CON-001756,5,379,Completed,Subscription,Austria,Vienna,240,6.76,33957.75,30-11-2023
1757,CON-001757,49,298,Active,Lease,Germany,Hesse,60,5.5,44647.77,04-10-2024
1758,CON-001758,21,200,Active,PPA,Germany,Lower Saxony,180,7.22,29562.83,08-11-2024
1759,CON-001759,35,1399,Active,Lease,Germany,Lower Saxony,84,8.37,37758.97,11-10-2023
1760,CON-001760,14,1317,Active,PPA,Germany,Baden-Württemberg,180,3.62,36167.46,14-10-2023
1761,CON-001761,38,1220,In Arrears,Standard Loan,Netherlands,North Holland,180,3.83,16063.38,19-06-2023
1762,CON-001762,40,428,Active,Standard Loan,Germany,Bavaria,180,5.28,42961.42,05-06-2023
1763,CON-001763,46,985,Active,Lease,Netherlands,North Holland,120,4.02,22559.6,23-09-2024
1764,CON-001764,8,552,Active,Subscription,Germany,Berlin,120,8.11,32489.89,09-07-2023
1765,CON-001765,12,576,Active,Lease,Germany,Berlin,120,8.46,21795.39,19-08-2023
1766,CON-001766,13,712,Active,Standard Loan,Germany,North Rhine-Westphalia,180,3.62,25262.86,16-05-2024
1767,CON-001767,21,1418,Active,Standard Loan,Germany,Lower Saxony,120,7.14,20778.95,18-06-2024
1768,CON-001768,15,1041,Active,Standard Loan,Germany,Berlin,120,7.2,42163.9,28-09-2024
1769,CON-001769,24,1888,Active,Lease,Germany,Bavaria,180,3.88,32582.96,21-07-2023
1770,CON-001770,35,779,Active,PPA,Germany,Lower Saxony,84,7.32,38997.75,28-08-2023
1771,CON-001771,37,908,Active,PPA,Netherlands,North Holland,180,7.55,18648.66,06-01-2024
1772,CON-001772,43,626,Active,Standard Loan,Netherlands,North Brabant,180,8.48,43930.46,01-01-2023
1773,CON-001773,49,1176,Active,Standard Loan,Germany,Hesse,60,7.13,29650.27,22-06-2024
1774,CON-001774,30,344,Active,Subscription,Austria,Vienna,120,4.12,35611.43,25-03-2023
1775,CON-001775,1,1708,Active,PPA,Germany,Bavaria,120,4.7,14434.15,08-07-2024
1776,CON-001776,43,1136,Active,PPA,Netherlands,North Brabant,240,4.84,29770.17,25-02-2024
1777,CON-001777,11,1901,Active,Standard Loan,Germany,Baden-Württemberg,120,7.96,26064.22,23-03-2024
1778,CON-001778,25,1996,Active,Standard Loan,Germany,Hesse,120,6.68,18214.89,05-05-2022
1779,CON-001779,9,731,Defaulted,Standard Loan,Germany,Berlin,60,5.02,22631.76,16-11-2023
1780,CON-001780,42,1737,Active,Standard Loan,Germany,North Rhine-Westphalia,120,4.73,35809.49,31-07-2022
1781,CON-001781,32,164,Active,Standard Loan,Germany,Lower Saxony,240,5.41,30656.6,10-04-2024
1782,CON-001782,10,1341,Active,Standard Loan,Germany,Lower Saxony,180,4.81,11429.22,24-08-2023
1783,CON-001783,47,1575,Active,Standard Loan,Germany,Baden-Württemberg,120,8.36,35489.19,05-08-2024
1784,CON-001784,37,66,Active,Standard Loan,Netherlands,North Holland,180,8.13,17465.27,15-03-2024
1785,CON-001785,46,512,In Arrears,Standard Loan,Netherlands,North Holland,120,7.28,43397.98,15-11-2022
1786,CON-001786,38,1165,Active,Standard Loan,Netherlands,North Holland,180,4.96,38689.97,04-09-2023
1787,CON-001787,41,153,Active,Standard Loan,Germany,Lower Saxony,120,7.62,15905.28,10-04-2024
1788,CON-001788,32,40,Completed,Lease,Germany,Lower Saxony,120,5.68,11506.07,14-06-2023
1789,CON-001789,4,220,Active,Subscription,Germany,Hesse,120,4.72,19544.73,18-03-2024
1790,CON-001790,13,1917,Active,PPA,Germany,North Rhine-Westphalia,120,6.66,42975.68,28-08-2024
1791,CON-001791,5,1728,Active,PPA,Austria,Vienna,180,5.53,27406.7,08-09-2022
1792,CON-001792,43,1092,Active,Standard Loan,Netherlands,North Brabant,180,3.51,39957.82,24-09-2023
1793,CON-001793,42,1713,Active,Standard Loan,Germany,North Rhine-Westphalia,120,7.03,15258.51,29-11-2024
1794,CON-001794,11,169,Cancelled,Standard Loan,Germany,Baden-Württemberg,120,5.18,31940.18,12-06-2024
1795,CON-001795,18,1956,Active,Standard Loan,Germany,Bavaria,120,3.98,18703.22,01-01-2023
1796,CON-001796,26,1129,In Arrears,Subscription,Germany,Berlin,120,7.19,28956.42,24-01-2023
1797,CON-001797,21,1528,Active,Standard Loan,Germany,Lower Saxony,180,6.1,12762.82,24-05-2024
1798,CON-001798,18,1562,Active,Lease,Germany,Bavaria,84,6.82,9746.09,05-03-2024
1799,CON-001799,6,1793,Active,Standard Loan,Netherlands,South Holland,180,7.75,12213.26,13-11-2024
1800,CON-001800,31,1004,In Arrears,PPA,Germany,Berlin,84,4.41,22016.8,21-08-2024
1801,CON-001801,9,1177,Active,Standard Loan,Germany,Berlin,120,7.8,33133.17,10-08-2023
1802,CON-001802,21,414,Active,Lease,Germany,Lower Saxony,180,5.64,8184.13,10-07-2024
1803,CON-001803,23,671,Active,Standard Loan,Germany,North Rhine-Westphalia,180,6.42,21194.54,29-04-2023
1804,CON-001804,36,1986,Active,PPA,Austria,Styria,120,6.36,31568.12,01-04-2024
1805,CON-001805,19,1990,Active,Standard Loan,Germany,Hesse,120,4.39,22194.99,17-09-2022
1806,CON-001806,43,1068,Active,Lease,Netherlands,North Brabant,180,8.3,21680.08,02-05-2024
1807,CON-001807,4,1899,Active,PPA,Germany,Hesse,120,4.83,36961.98,17-11-2023
1808,CON-001808,37,1878,Active,Lease,Netherlands,North Holland,180,8.24,42180.75,06-09-2024
1809,CON-001809,36,892,Active,Lease,Austria,Styria,120,6.95,42259.53,11-09-2024
1810,CON-001810,40,769,Cancelled,PPA,Germany,Bavaria,180,4.27,15494.28,17-10-2023
1811,CON-001811,21,540,Completed,Lease,Germany,Lower Saxony,120,5.19,11026.46,26-04-2024
1812,CON-001812,22,259,Active,Lease,Germany,Bavaria,120,4.62,18043.78,17-01-2024
1813,CON-001813,27,1200,Active,Lease,Austria,Upper Austria,120,5.56,11746.92,02-05-2024
1814,CON-001814,12,628,Completed,Lease,Germany,Berlin,180,3.89,11558.72,28-11-2024
1815,CON-001815,27,942,Cancelled,Standard Loan,Austria,Upper Austria,120,4.48,25090.47,26-08-2024
1816,CON-001816,42,1659,Cancelled,Standard Loan,Germany,North Rhine-Westphalia,60,6.96,36675.57,03-05-2023
1817,CON-001817,34,1979,Active,Lease,Germany,Baden-Württemberg,120,7.06,28569.48,04-11-2024
1818,CON-001818,7,715,Completed,Standard Loan,Germany,Bavaria,120,4.48,36423.91,20-08-2023
1819,CON-001819,10,338,Active,Lease,Germany,Lower Saxony,180,8.46,31414.88,30-12-2022
1820,CON-001820,18,719,Cancelled,PPA,Germany,Bavaria,84,4.04,13131.7,25-10-2024
1821,CON-001821,32,909,Active,Lease,Germany,Lower Saxony,84,7.6,17703.79,31-03-2022
1822,CON-001822,10,1689,Active,Subscription,Germany,Lower Saxony,180,6.34,11271.95,01-09-2023
1823,CON-001823,2,1618,In Arrears,Standard Loan,Germany,Berlin,84,5.14,30203.05,08-09-2023
1824,CON-001824,19,1072,Active,PPA,Germany,Hesse,84,7.38,17135.25,13-07-2022
1825,CON-001825,11,1559,Completed,Subscription,Germany,Baden-Württemberg,84,8.09,23512.7,20-10-2023
1826,CON-001826,14,1020,Active,Subscription,Germany,Baden-Württemberg,60,6.32,37494.27,18-12-2022
1827,CON-001827,44,1589,Active,Standard Loan,Germany,Hesse,60,8.47,41622.26,20-01-2023
1828,CON-001828,49,965,In Arrears,Lease,Germany,Hesse,120,6.79,36551.39,13-05-2024
1829,CON-001829,47,133,Completed,Subscription,Germany,Baden-Württemberg,84,6.31,40622.91,03-03-2023
1830,CON-001830,21,582,Active,Standard Loan,Germany,Lower Saxony,180,3.86,30971.24,25-02-2024
1831,CON-001831,7,488,Active,Standard Loan,Germany,Bavaria,120,7.98,42577.79,25-05-2023
1832,CON-001832,9,1536,Active,Standard Loan,Germany,Berlin,84,5.63,33728.28,15-10-2023
1833,CON-001833,47,77,Active,Lease,Germany,Baden-Württemberg,240,5.41,10953.99,21-08-2023
1834,CON-001834,6,1557,Cancelled,PPA,Netherlands,South Holland,180,7.41,11617.16,20-09-2023
1835,CON-001835,50,1552,Active,PPA,Austria,Styria,180,3.52,43914.03,07-10-2023
1836,CON-001836,6,951,Active,Subscription,Netherlands,South Holland,180,5.8,31384.03,09-07-2023
1837,CON-001837,47,1770,Active,PPA,Germany,Baden-Württemberg,84,5.68,39417.93,06-10-2024
1838,CON-001838,10,351,Active,Lease,Germany,Lower Saxony,180,3.9,41964.92,23-02-2024
1839,CON-001839,7,179,Active,Standard Loan,Germany,Bavaria,180,8.49,14264.81,06-03-2023
1840,CON-001840,4,1072,Active,Lease,Germany,Hesse,240,4.59,9901.77,10-12-2022
1841,CON-001841,21,1396,Active,Lease,Germany,Lower Saxony,180,5.19,44938.59,17-06-2024
1842,CON-001842,38,1252,Cancelled,Standard Loan,Netherlands,North Holland,84,5.32,26002.68,20-08-2022
1843,CON-001843,30,602,Active,Lease,Austria,Vienna,120,8.07,21278.86,11-12-2022
1844,CON-001844,48,636,Active,Subscription,Germany,Lower Saxony,60,4.03,44645.13,27-09-2022
1845,CON-001845,47,177,In Arrears,Standard Loan,Germany,Baden-Württemberg,180,4.98,13388.85,30-01-2024
1846,CON-001846,38,224,Active,PPA,Netherlands,North Holland,120,7.3,21380.14,21-09-2023
1847,CON-001847,25,1214,Active,Subscription,Germany,Hesse,120,8.49,42076.31,16-05-2022
1848,CON-001848,21,1322,Active,PPA,Germany,Lower Saxony,180,4.8,37135.77,11-09-2024
1849,CON-001849,6,524,In Arrears,PPA,Netherlands,South Holland,120,6.5,32875.69,20-04-2024
1850,CON-001850,6,1792,Active,Standard Loan,Netherlands,South Holland,60,5.54,15110.44,18-07-2023
1851,CON-001851,44,1090,Active,Standard Loan,Germany,Hesse,84,6.26,14696.31,03-11-2022
1852,CON-001852,30,1729,Active,Standard Loan,Austria,Vienna,84,4.46,44997.18,07-08-2024
1853,CON-001853,6,1576,Completed,Lease,Netherlands,South Holland,120,6.53,12285.41,13-09-2024
1854,CON-001854,47,52,Active,PPA,Germany,Baden-Württemberg,180,8.23,19633.49,22-02-2023
1855,CON-001855,24,1798,Active,Standard Loan,Germany,Bavaria,120,4.16,38548.76,25-11-2024
1856,CON-001856,37,699,Active,Subscription,Netherlands,North Holland,120,3.7,36089.32,25-10-2024
1857,CON-001857,1,1831,Active,Standard Loan,Germany,Bavaria,84,4.94,40068.71,08-04-2023
1858,CON-001858,18,284,Active,Standard Loan,Germany,Bavaria,180,7.3,11537.46,25-09-2024
1859,CON-001859,30,1949,Active,Lease,Austria,Vienna,180,6.64,28372.3,23-12-2022
1860,CON-001860,36,1483,Active,Lease,Austria,Styria,60,4.61,20741.06,22-03-2024
1861,CON-001861,2,1605,In Arrears,Lease,Germany,Berlin,120,7.37,32702.47,12-06-2023
1862,CON-001862,46,873,Active,Standard Loan,Netherlands,North Holland,180,5.51,29301.23,18-07-2023
1863,CON-001863,18,239,Active,Lease,Germany,Bavaria,120,5.03,36421.77,29-07-2023
1864,CON-001864,38,45,Defaulted,Lease,Netherlands,North Holland,240,6.33,9807.04,26-04-2024
1865,CON-001865,42,1227,Active,PPA,Germany,North Rhine-Westphalia,60,3.74,20267.7,01-05-2023
1866,CON-001866,21,511,Active,Lease,Germany,Lower Saxony,120,4.22,23331.86,22-03-2024
1867,CON-001867,16,596,Active,Standard Loan,Germany,Berlin,84,4.6,8758.34,12-08-2022
1868,CON-001868,21,953,Cancelled,Standard Loan,Germany,Lower Saxony,120,5.01,36633.26,30-08-2024
1869,CON-001869,44,1261,Active,Standard Loan,Germany,Hesse,180,4.7,13211.03,28-03-2023
1870,CON-001870,28,1686,Active,Subscription,Germany,Lower Saxony,60,7.05,19389.13,02-03-2023
1871,CON-001871,21,754,Active,Standard Loan,Germany,Lower Saxony,120,5.79,39296.25,08-11-2024
1872,CON-001872,10,1137,Active,PPA,Germany,Lower Saxony,120,4.31,14088.06,10-11-2024
1873,CON-001873,12,1331,Active,Lease,Germany,Berlin,180,4.96,14707.48,29-04-2024
1874,CON-001874,47,1337,Active,Standard Loan,Germany,Baden-Württemberg,84,4.9,41730.99,23-02-2024
1875,CON-001875,10,1149,Active,Standard Loan,Germany,Lower Saxony,180,5.71,11670.72,28-04-2024
1876,CON-001876,8,75,Active,Lease,Germany,Berlin,60,5.82,42321.61,09-06-2023
1877,CON-001877,33,1651,Active,Standard Loan,Germany,Lower Saxony,180,5.87,44649.16,05-03-2024
1878,CON-001878,7,1201,Active,Lease,Germany,Bavaria,240,4.11,16533.24,04-12-2022
1879,CON-001879,47,400,Active,Lease,Germany,Baden-Württemberg,84,5.59,32842.7,31-07-2023
1880,CON-001880,35,109,Active,Lease,Germany,Lower Saxony,120,5.94,30337,05-01-2024
1881,CON-001881,10,35,Active,Lease,Germany,Lower Saxony,120,5.38,14815.62,20-07-2023
1882,CON-001882,37,1241,Active,Subscription,Netherlands,North Holland,120,6.5,8090.92,23-06-2024
1883,CON-001883,42,44,Active,Standard Loan,Germany,North Rhine-Westphalia,120,7.4,34897.38,10-04-2022
1884,CON-001884,49,1671,Active,Standard Loan,Germany,Hesse,120,7.41,36430.04,08-09-2023
1885,CON-001885,24,1596,Completed,Standard Loan,Germany,Bavaria,120,7.41,12375.98,14-10-2023
1886,CON-001886,34,41,Active,Standard Loan,Germany,Baden-Württemberg,60,5.76,26461.27,26-09-2024
1887,CON-001887,36,1774,Active,PPA,Austria,Styria,60,3.63,29293.45,30-06-2024
1888,CON-001888,36,860,Active,Standard Loan,Austria,Styria,120,3.87,34690.37,27-12-2023
1889,CON-001889,5,907,Active,PPA,Austria,Vienna,180,6.9,24346.56,25-11-2023
1890,CON-001890,35,772,Active,Standard Loan,Germany,Lower Saxony,84,4.49,25992.89,25-01-2024
1891,CON-001891,8,845,Active,Standard Loan,Germany,Berlin,180,6.74,21602.47,15-01-2024
1892,CON-001892,6,773,Active,Standard Loan,Netherlands,South Holland,120,3.61,9069.97,05-11-2024
1893,CON-001893,18,1828,Defaulted,Lease,Germany,Bavaria,180,6.32,33784.95,16-02-2024
1894,CON-001894,5,1624,Active,Lease,Austria,Vienna,120,6.79,26581.58,14-10-2023
1895,CON-001895,7,367,Active,Lease,Germany,Bavaria,180,4.02,32387.1,02-05-2024
1896,CON-001896,21,909,Active,PPA,Germany,Lower Saxony,180,8.1,13160.06,01-08-2024
1897,CON-001897,36,836,Active,PPA,Austria,Styria,180,4.32,23834.9,14-06-2024
1898,CON-001898,44,735,Cancelled,Standard Loan,Germany,Hesse,60,4.22,14773.91,25-06-2023
1899,CON-001899,42,1514,Active,Standard Loan,Germany,North Rhine-Westphalia,120,5.46,42423.04,11-08-2024
1900,CON-001900,21,627,Active,Lease,Germany,Lower Saxony,120,5.63,14093.41,27-10-2024
1901,CON-001901,42,500,In Arrears,Standard Loan,Germany,North Rhine-Westphalia,180,5.07,43467.23,31-05-2023
1902,CON-001902,21,821,Completed,PPA,Germany,Lower Saxony,84,6.86,40055.62,05-04-2024
1903,CON-001903,44,536,Active,Standard Loan,Germany,Hesse,120,4.66,19824.34,13-12-2022
1904,CON-001904,41,1329,Active,PPA,Germany,Lower Saxony,180,3.86,29294.54,31-07-2023
1905,CON-001905,36,1750,Active,Subscription,Austria,Styria,84,4.48,41040.24,03-03-2024
1906,CON-001906,36,1370,In Arrears,Lease,Austria,Styria,180,3.53,41696.19,05-11-2024
1907,CON-001907,24,1088,Active,Standard Loan,Germany,Bavaria,84,6.1,33830.24,23-02-2024
1908,CON-001908,12,474,Cancelled,Subscription,Germany,Berlin,60,5.76,33183.47,03-10-2023
1909,CON-001909,8,635,Active,Standard Loan,Germany,Berlin,180,7.9,33656.37,02-11-2023
1910,CON-001910,5,1721,Active,Lease,Austria,Vienna,120,7.15,8434.78,05-12-2023
1911,CON-001911,43,360,Defaulted,PPA,Netherlands,North Brabant,120,4.5,12174.48,16-06-2024
1912,CON-001912,3,1155,Active,Standard Loan,Germany,North Rhine-Westphalia,180,7.1,27165.72,24-05-2022
1913,CON-001913,13,1305,Completed,Lease,Germany,North Rhine-Westphalia,84,8.46,15863.1,06-09-2024
1914,CON-001914,21,1161,Active,Lease,Germany,Lower Saxony,84,8.39,27989.52,26-10-2024
1915,CON-001915,37,451,Defaulted,Lease,Netherlands,North Holland,180,4.77,41942.12,20-05-2024
1916,CON-001916,2,616,Active,Standard Loan,Germany,Berlin,120,6.34,38855.91,18-09-2024
1917,CON-001917,21,205,Defaulted,Standard Loan,Germany,Lower Saxony,240,5.37,38520.2,23-11-2024
1918,CON-001918,46,66,Active,Standard Loan,Netherlands,North Holland,120,7.44,27632.06,07-03-2023
1919,CON-001919,44,79,Active,Lease,Germany,Hesse,180,6.39,36021.29,01-12-2023
1920,CON-001920,4,310,Active,PPA,Germany,Hesse,60,5.53,41064.12,22-05-2023
1921,CON-001921,10,1285,Active,Standard Loan,Germany,Lower Saxony,120,6.73,25660.54,18-11-2022
1922,CON-001922,4,731,Active,Standard Loan,Germany,Hesse,60,8.11,27103.83,02-07-2024
1923,CON-001923,43,78,Active,Subscription,Netherlands,North Brabant,60,8.31,30503.34,05-12-2022
1924,CON-001924,6,1311,Active,Standard Loan,Netherlands,South Holland,180,6.73,15555.62,16-08-2024
1925,CON-001925,6,451,In Arrears,Lease,Netherlands,South Holland,120,7.49,44177.34,28-03-2024
1926,CON-001926,42,548,Active,Standard Loan,Germany,North Rhine-Westphalia,120,7.06,15472.69,09-04-2023
1927,CON-001927,25,1593,Active,Standard Loan,Germany,Hesse,180,5.16,44224.51,15-01-2023
1928,CON-001928,30,829,In Arrears,Subscription,Austria,Vienna,120,7.03,28181,10-05-2023
1929,CON-001929,31,213,Active,PPA,Germany,Berlin,84,4.3,22806.65,07-04-2024
1930,CON-001930,26,980,Active,Lease,Germany,Berlin,180,6.2,17904.33,15-01-2023
1931,CON-001931,33,1223,Completed,Standard Loan,Germany,Lower Saxony,60,7.44,20615.98,03-09-2023
1932,CON-001932,40,840,Active,PPA,Germany,Bavaria,180,4.61,19716.26,30-05-2024
1933,CON-001933,37,1811,Active,PPA,Netherlands,North Holland,180,5.35,19093.5,18-10-2023
1934,CON-001934,24,875,Completed,Lease,Germany,Bavaria,120,6.32,25460.35,13-02-2023
1935,CON-001935,40,418,Active,Subscription,Germany,Bavaria,180,8.25,37354.25,05-11-2024
1936,CON-001936,48,1332,Cancelled,Standard Loan,Germany,Lower Saxony,120,4.2,12746.05,15-09-2024
1937,CON-001937,41,868,Completed,Standard Loan,Germany,Lower Saxony,240,4.23,9777.85,25-01-2024
1938,CON-001938,16,253,Active,PPA,Germany,Berlin,180,8.32,20905.55,21-01-2023
1939,CON-001939,36,602,Active,Standard Loan,Austria,Styria,60,6.6,42333.03,26-07-2024
1940,CON-001940,31,1966,Active,Standard Loan,Germany,Berlin,120,7.05,24076.59,21-02-2023
1941,CON-001941,16,1523,Active,Standard Loan,Germany,Berlin,180,6.12,16677.56,23-06-2024
1942,CON-001942,1,1562,Active,Lease,Germany,Bavaria,84,7.62,18417.31,07-11-2022
1943,CON-001943,36,716,Completed,Lease,Austria,Styria,180,8.29,14745.06,20-07-2024
1944,CON-001944,40,1132,Active,Lease,Germany,Bavaria,180,5.79,21388.29,03-08-2024
1945,CON-001945,22,503,Active,Lease,Germany,Bavaria,120,6.7,12228.71,25-03-2023
1946,CON-001946,6,805,Active,Lease,Netherlands,South Holland,120,3.65,9209.78,29-07-2023
1947,CON-001947,36,77,Active,Lease,Austria,Styria,120,7.82,41985.01,19-05-2024
1948,CON-001948,37,1526,Active,Standard Loan,Netherlands,North Holland,180,4.04,29106.84,11-09-2023
1949,CON-001949,13,1698,Active,PPA,Germany,North Rhine-Westphalia,240,8.42,22331.53,29-07-2024
1950,CON-001950,42,1905,Active,Standard Loan,Germany,North Rhine-Westphalia,60,8.47,26309.64,08-11-2022
1951,CON-001951,9,1628,Active,Standard Loan,Germany,Berlin,120,5.17,39757.52,06-10-2023
1952,CON-001952,37,1380,Active,Lease,Netherlands,North Holland,60,7.55,33500.63,04-04-2024
1953,CON-001953,2,1956,Cancelled,Standard Loan,Germany,Berlin,60,6.83,21948.64,13-04-2022
1954,CON-001954,2,1139,Active,PPA,Germany,Berlin,84,4.22,40464.23,05-12-2022
1955,CON-001955,37,1749,Active,Lease,Netherlands,North Holland,120,5.6,32251.82,07-02-2024
1956,CON-001956,40,1812,Active,Lease,Germany,Bavaria,60,3.79,34728.13,17-11-2022
1957,CON-001957,12,1267,Active,Standard Loan,Germany,Berlin,84,3.52,42798.96,02-11-2024
1958,CON-001958,29,769,Active,Subscription,Germany,Hesse,120,8.26,10385.35,22-07-2023
1959,CON-001959,40,701,Active,Lease,Germany,Bavaria,180,4.65,42168.11,25-12-2022
1960,CON-001960,22,1026,In Arrears,PPA,Germany,Bavaria,120,4.35,41899.03,13-06-2024
1961,CON-001961,6,910,Active,Standard Loan,Netherlands,South Holland,120,5.24,44413.26,08-05-2024
1962,CON-001962,37,1626,Active,Subscription,Netherlands,North Holland,180,7.86,41720.34,22-09-2024
1963,CON-001963,44,132,Active,Standard Loan,Germany,Hesse,180,8.23,32950.7,05-06-2023
1964,CON-001964,34,1041,Active,Subscription,Germany,Baden-Württemberg,180,6.59,18737.99,22-09-2022
1965,CON-001965,39,1629,Active,PPA,Germany,Berlin,180,5.87,23103.1,28-08-2023
1966,CON-001966,6,831,Active,PPA,Netherlands,South Holland,120,7.83,26836.22,06-05-2024
1967,CON-001967,7,1812,Active,Standard Loan,Germany,Bavaria,120,4.68,28155.64,10-06-2023
1968,CON-001968,38,540,Active,Standard Loan,Netherlands,North Holland,180,4.31,42199.78,20-10-2024
1969,CON-001969,23,1310,Active,Standard Loan,Germany,North Rhine-Westphalia,60,7,15204.5,13-08-2024
1970,CON-001970,21,130,Defaulted,Lease,Germany,Lower Saxony,84,8.08,30282.38,05-05-2024
1971,CON-001971,34,1695,In Arrears,Standard Loan,Germany,Baden-Württemberg,120,7.54,28927.22,14-10-2023
1972,CON-001972,25,1275,Active,Standard Loan,Germany,Hesse,120,6.52,26352.21,11-05-2023
1973,CON-001973,30,1967,Active,Subscription,Austria,Vienna,60,3.65,10680.27,30-08-2023
1974,CON-001974,7,1079,In Arrears,PPA,Germany,Bavaria,120,6.26,14973.43,02-12-2023
1975,CON-001975,33,1213,Active,Standard Loan,Germany,Lower Saxony,180,5.25,11434.06,03-02-2024
1976,CON-001976,49,174,In Arrears,Lease,Germany,Hesse,60,6.76,36633.11,26-06-2022
1977,CON-001977,14,92,Defaulted,Standard Loan,Germany,Baden-Württemberg,84,8.24,28763.59,18-12-2023
1978,CON-001978,24,120,Defaulted,Lease,Germany,Bavaria,180,7.37,29817.07,02-10-2023
1979,CON-001979,9,1373,Active,Standard Loan,Germany,Berlin,180,5.46,31145.87,27-01-2023
1980,CON-001980,40,1191,Completed,Standard Loan,Germany,Bavaria,180,5.22,44832.15,11-09-2024
1981,CON-001981,12,1931,Active,Standard Loan,Germany,Berlin,120,7.93,8504.68,04-06-2023
1982,CON-001982,8,726,Active,PPA,Germany,Berlin,240,6.76,23668.56,27-01-2023
1983,CON-001983,24,218,Active,PPA,Germany,Bavaria,120,3.62,37931.98,17-11-2024
1984,CON-001984,6,1220,Active,PPA,Netherlands,South Holland,120,8.23,43558.15,04-12-2023
1985,CON-001985,26,1682,Active,Standard Loan,Germany,Berlin,120,5.96,15706.31,02-12-2023
1986,CON-001986,21,253,In Arrears,Lease,Germany,Lower Saxony,120,6.78,41163.97,13-03-2024
1987,CON-001987,22,1724,Active,Lease,Germany,Bavaria,84,7.24,17903.72,25-09-2023
1988,CON-001988,12,1108,Completed,Standard Loan,Germany,Berlin,180,8.22,31309.3,14-05-2024
1989,CON-001989,49,1140,Active,Lease,Germany,Hesse,120,4.27,39845.04,29-10-2023
1990,CON-001990,1,322,Active,PPA,Germany,Bavaria,120,4.3,40701.41,18-02-2024
1991,CON-001991,30,89,Active,Lease,Austria,Vienna,120,4.72,44089.68,28-12-2023
1992,CON-001992,18,1978,Completed,Standard Loan,Germany,Bavaria,60,7.12,19307.26,12-07-2023
1993,CON-001993,37,1256,Active,Standard Loan,Netherlands,North Holland,120,4.33,38441.07,13-03-2024
1994,CON-001994,9,223,Cancelled,Standard Loan,Germany,Berlin,180,6.34,33786.89,01-08-2024
1995,CON-001995,8,1094,Active,Lease,Germany,Berlin,120,7.44,20778.31,22-06-2023
1996,CON-001996,13,972,Active,Standard Loan,Germany,North Rhine-Westphalia,120,5.18,44733.85,03-05-2023
1997,CON-001997,8,103,Active,Standard Loan,Germany,Berlin,120,5.22,32343.54,08-08-2022
1998,CON-001998,12,840,Active,PPA,Germany,Berlin,120,7.36,33406.59,05-09-2024
1999,CON-001999,40,765,Active,Lease,Germany,Bavaria,84,7.49,34820.69,08-10-2023
2000,CON-002000,31,194,Active,Lease,Germany,Berlin,120,4.42,25046.61,22-04-2023
2001,CON-002001,43,873,Active,Lease,Netherlands,North Brabant,180,5.22,33600.33,15-09-2022
2002,CON-002002,30,267,Completed,Subscription,Austria,Vienna,120,8.27,17603.13,23-02-2023
2003,CON-002003,42,202,Cancelled,Standard Loan,Germany,North Rhine-Westphalia,60,4.66,11469.38,10-01-2024
2004,CON-002004,42,865,Completed,Standard Loan,Germany,North Rhine-Westphalia,84,5.77,9156.27,10-03-2024
2005,CON-002005,10,1107,Active,PPA,Germany,Lower Saxony,120,4.74,17256.65,04-10-2023
2006,CON-002006,43,1953,Completed,Lease,Netherlands,North Brabant,120,8.32,34608.25,09-07-2024
2007,CON-002007,40,528,Active,Lease,Germany,Bavaria,84,5.62,27006.73,15-02-2023
2008,CON-002008,41,369,Active,Standard Loan,Germany,Lower Saxony,60,6.61,10190.8,10-04-2023
2009,CON-002009,43,540,Active,Standard Loan,Netherlands,North Brabant,180,8.11,30115.38,29-05-2024
2010,CON-002010,4,1622,Completed,Subscription,Germany,Hesse,120,6.58,29836.4,15-09-2024
2011,CON-002011,37,1832,Active,Standard Loan,Netherlands,North Holland,180,4,14410.01,31-01-2024
2012,CON-002012,41,1333,Cancelled,Lease,Germany,Lower Saxony,240,5.04,20733.78,24-04-2024
2013,CON-002013,36,328,In Arrears,Lease,Austria,Styria,180,4.71,19017.86,05-06-2024
2014,CON-002014,30,1862,Completed,Standard Loan,Austria,Vienna,84,4.78,25441.08,02-11-2022
2015,CON-002015,24,1223,Active,Standard Loan,Germany,Bavaria,84,5.16,29847.39,12-04-2023
2016,CON-002016,6,854,Cancelled,Standard Loan,Netherlands,South Holland,180,4.74,40668.5,19-09-2023
2017,CON-002017,3,1549,Active,Standard Loan,Germany,North Rhine-Westphalia,180,6.43,25894.83,31-12-2022
2018,CON-002018,9,986,Completed,Standard Loan,Germany,Berlin,240,6.52,22423.59,12-10-2024
2019,CON-002019,5,113,Active,Lease,Austria,Vienna,120,7.71,13226.42,05-01-2023
2020,CON-002020,26,1776,Active,Standard Loan,Germany,Berlin,84,6.47,17108.87,16-04-2023
2021,CON-002021,18,1654,Active,Lease,Germany,Bavaria,120,5.92,36596.41,27-10-2023
2022,CON-002022,26,1260,Active,Standard Loan,Germany,Berlin,120,6.47,30893.77,03-09-2023
2023,CON-002023,13,1658,Active,Lease,Germany,North Rhine-Westphalia,180,4.39,12844.49,10-03-2023
2024,CON-002024,29,1144,Active,Standard Loan,Germany,Hesse,180,7.94,35556.72,18-06-2024
2025,CON-002025,33,1154,In Arrears,Standard Loan,Germany,Lower Saxony,180,3.74,31997.24,16-05-2024
2026,CON-002026,41,1183,Active,Standard Loan,Germany,Lower Saxony,120,6.95,33138.54,04-08-2023
2027,CON-002027,37,106,Active,Standard Loan,Netherlands,North Holland,120,3.98,10794.13,19-08-2024
2028,CON-002028,9,827,Active,Standard Loan,Germany,Berlin,84,4.72,21885.99,10-10-2023
2029,CON-002029,9,618,Completed,Lease,Germany,Berlin,180,4.35,37455.49,24-05-2024
2030,CON-002030,36,85,Active,Standard Loan,Austria,Styria,120,4.11,36850.2,07-11-2024
2031,CON-002031,1,1494,Active,Standard Loan,Germany,Bavaria,180,3.93,42721.23,27-04-2024
2032,CON-002032,21,1750,Active,Standard Loan,Germany,Lower Saxony,120,5.03,25985.4,27-10-2024
2033,CON-002033,2,1016,Cancelled,Standard Loan,Germany,Berlin,180,4,9863.1,12-11-2022
2034,CON-002034,13,1987,Active,Standard Loan,Germany,North Rhine-Westphalia,180,6.86,39004.15,28-03-2023
2035,CON-002035,29,1855,Active,Lease,Germany,Hesse,180,6.42,10978.62,20-03-2023
2036,CON-002036,20,143,Completed,Lease,Austria,Styria,180,4.21,22630.83,15-10-2023
2037,CON-002037,24,1466,Active,Lease,Germany,Bavaria,120,7.17,38002.6,05-10-2023
2038,CON-002038,40,1476,Active,PPA,Germany,Bavaria,120,5.5,12975.46,08-07-2023
2039,CON-002039,47,566,Active,Standard Loan,Germany,Baden-Württemberg,240,5.36,26293.5,04-09-2023
2040,CON-002040,43,1789,Active,Subscription,Netherlands,North Brabant,120,8.46,14137.31,15-04-2024
2041,CON-002041,40,536,Defaulted,Standard Loan,Germany,Bavaria,240,5.01,37135.98,28-11-2023
2042,CON-002042,23,419,Active,PPA,Germany,North Rhine-Westphalia,120,6.9,10649.88,05-03-2023
2043,CON-002043,36,696,Active,Standard Loan,Austria,Styria,84,4.43,26920.27,06-11-2024
2044,CON-002044,29,878,Active,Lease,Germany,Hesse,120,3.64,17259.32,27-01-2024
2045,CON-002045,31,714,Completed,Standard Loan,Germany,Berlin,240,4.58,28394.64,11-03-2024
2046,CON-002046,3,313,Active,Standard Loan,Germany,North Rhine-Westphalia,180,8.1,16429.98,05-11-2024
2047,CON-002047,18,1868,Cancelled,Standard Loan,Germany,Bavaria,240,7.4,34157.03,15-08-2024
2048,CON-002048,35,93,Active,Standard Loan,Germany,Lower Saxony,120,6.49,18365.9,17-07-2023
2049,CON-002049,21,132,Active,Standard Loan,Germany,Lower Saxony,120,3.91,24711.52,23-04-2024
2050,CON-002050,26,253,Completed,Subscription,Germany,Berlin,60,4.07,33771.36,28-11-2022
2051,CON-002051,36,838,Active,Lease,Austria,Styria,120,5.74,30674.41,31-07-2024
2052,CON-002052,43,1591,Cancelled,Standard Loan,Netherlands,North Brabant,120,5.74,30209.9,28-12-2022
2053,CON-002053,26,917,Active,Lease,Germany,Berlin,180,7.45,44550.26,20-05-2024
2054,CON-002054,30,1560,Completed,PPA,Austria,Vienna,180,3.55,10847.87,22-10-2024
2055,CON-002055,44,1938,Active,Lease,Germany,Hesse,84,8.47,15404.3,11-11-2024
2056,CON-002056,49,962,Active,Standard Loan,Germany,Hesse,120,4.39,40069.16,12-05-2023
2057,CON-002057,21,804,Active,PPA,Germany,Lower Saxony,120,3.94,39049.67,22-11-2024
2058,CON-002058,37,1557,In Arrears,PPA,Netherlands,North Holland,120,8.39,14167.52,05-08-2023
2059,CON-002059,35,25,Active,Standard Loan,Germany,Lower Saxony,120,5.97,14975.43,05-08-2023
2060,CON-002060,42,752,Active,PPA,Germany,North Rhine-Westphalia,240,7.51,16956.85,15-06-2023
2061,CON-002061,18,87,Active,Standard Loan,Germany,Bavaria,180,5.05,30275.9,23-08-2024
2062,CON-002062,9,578,Active,Subscription,Germany,Berlin,120,7.38,26630.32,21-09-2023
2063,CON-002063,44,404,In Arrears,Standard Loan,Germany,Hesse,120,7.65,13666.5,03-02-2024
2064,CON-002064,35,439,Active,Lease,Germany,Lower Saxony,180,7.96,11916.13,12-04-2024
2065,CON-002065,38,1842,Completed,PPA,Netherlands,North Holland,180,7.72,41419.46,25-10-2022
2066,CON-002066,44,888,Active,Lease,Germany,Hesse,180,8.46,34146.73,29-09-2022
2067,CON-002067,21,1156,Completed,Standard Loan,Germany,Lower Saxony,120,3.99,15692.64,21-06-2024
2068,CON-002068,12,1042,Active,Standard Loan,Germany,Berlin,180,6.52,8321.05,27-12-2023
2069,CON-002069,36,789,Active,PPA,Austria,Styria,60,6.44,33743.25,12-10-2024
2070,CON-002070,31,260,Active,Standard Loan,Germany,Berlin,120,7.15,28808.92,08-08-2024
2071,CON-002071,6,1639,Active,Standard Loan,Netherlands,South Holland,120,8.23,42251.98,04-09-2023
2072,CON-002072,11,1186,Active,Lease,Germany,Baden-Württemberg,84,5.64,9064.97,10-05-2024
2073,CON-002073,37,1572,Cancelled,Standard Loan,Netherlands,North Holland,120,6.75,31914.55,13-12-2023
2074,CON-002074,34,1215,Active,Standard Loan,Germany,Baden-Württemberg,180,7.55,10269.24,05-07-2024
2075,CON-002075,16,1603,Active,PPA,Germany,Berlin,60,7.45,18737,23-12-2023
2076,CON-002076,30,1369,Active,PPA,Austria,Vienna,180,6.84,13821.65,10-08-2022
2077,CON-002077,40,824,Cancelled,Standard Loan,Germany,Bavaria,120,5.56,33957.41,11-07-2024
2078,CON-002078,38,157,Active,Standard Loan,Netherlands,North Holland,240,5.58,18136.68,23-10-2022
2079,CON-002079,26,1553,Active,Standard Loan,Germany,Berlin,180,3.82,15123.26,13-05-2024
2080,CON-002080,35,625,Completed,Standard Loan,Germany,Lower Saxony,240,6.92,31072.8,15-04-2024
2081,CON-002081,5,1994,Active,Lease,Austria,Vienna,60,6.72,19777.32,29-09-2024
2082,CON-002082,33,853,Active,Lease,Germany,Lower Saxony,240,4.71,22142.55,18-11-2024
2083,CON-002083,47,1231,Active,Standard Loan,Germany,Baden-Württemberg,180,6.35,16647.92,19-07-2023
2084,CON-002084,13,284,Active,PPA,Germany,North Rhine-Westphalia,180,7.41,15099.36,29-11-2024
2085,CON-002085,42,356,Active,Lease,Germany,North Rhine-Westphalia,84,6.77,39770.48,16-02-2023
2086,CON-002086,28,381,Active,Standard Loan,Germany,Lower Saxony,84,7.53,32958.2,19-07-2023
2087,CON-002087,21,1361,In Arrears,Standard Loan,Germany,Lower Saxony,120,8.01,17412.87,04-11-2024
2088,CON-002088,42,1321,Cancelled,Lease,Germany,North Rhine-Westphalia,120,7.14,14534.02,06-10-2022
2089,CON-002089,18,313,In Arrears,PPA,Germany,Bavaria,120,7.66,29371.86,07-02-2023
2090,CON-002090,35,700,Completed,PPA,Germany,Lower Saxony,180,7.9,42083.04,04-06-2024
2091,CON-002091,13,756,Active,Standard Loan,Germany,North Rhine-Westphalia,180,5.61,20090.09,08-11-2024
2092,CON-002092,44,1745,Active,Lease,Germany,Hesse,120,4.12,28329.57,28-07-2022
2093,CON-002093,32,1095,Active,Lease,Germany,Lower Saxony,120,5.78,42578.77,04-10-2023
2094,CON-002094,21,1465,Active,Lease,Germany,Lower Saxony,120,6.45,30617.75,18-09-2024
2095,CON-002095,24,1566,Active,Standard Loan,Germany,Bavaria,60,7.82,39639.26,24-11-2024
2096,CON-002096,23,1126,Completed,Subscription,Germany,North Rhine-Westphalia,240,4.57,27373.18,31-03-2023
2097,CON-002097,47,1183,Active,Standard Loan,Germany,Baden-Württemberg,120,7.65,23496.76,02-01-2024
2098,CON-002098,18,1486,Active,Lease,Germany,Bavaria,120,3.6,11549.11,12-12-2023
2099,CON-002099,38,1498,In Arrears,Lease,Netherlands,North Holland,180,8.35,21613.68,04-06-2023
2100,CON-002100,18,1291,Active,Lease,Germany,Bavaria,120,8.05,31891.38,23-04-2023
2101,CON-002101,42,1307,Cancelled,PPA,Germany,North Rhine-Westphalia,120,4.18,34341.52,27-03-2023
2102,CON-002102,23,1289,In Arrears,PPA,Germany,North Rhine-Westphalia,120,8,37656.88,04-09-2024
2103,CON-002103,18,926,In Arrears,Standard Loan,Germany,Bavaria,180,6.19,40237.85,10-06-2024
2104,CON-002104,9,17,Completed,Standard Loan,Germany,Berlin,120,7.45,31279.85,27-09-2023
2105,CON-002105,36,1868,Active,Lease,Austria,Styria,180,7.84,32833.41,24-06-2024
2106,CON-002106,12,425,Active,Lease,Germany,Berlin,60,3.9,36272.71,13-08-2023
2107,CON-002107,6,637,Active,PPA,Netherlands,South Holland,60,4.97,42064.45,25-09-2023
2108,CON-002108,37,136,Active,Standard Loan,Netherlands,North Holland,120,5.87,40986.74,29-11-2024
2109,CON-002109,11,1342,Active,Lease,Germany,Baden-Württemberg,120,4.91,31268.12,01-10-2023
2110,CON-002110,33,845,Active,Standard Loan,Germany,Lower Saxony,84,6.19,32947.81,16-10-2023
2111,CON-002111,23,1441,Defaulted,PPA,Germany,North Rhine-Westphalia,180,7.21,9769.24,05-07-2024
2112,CON-002112,45,220,Active,Standard Loan,Germany,North Rhine-Westphalia,120,7.93,14403.2,03-07-2023
2113,CON-002113,21,840,Defaulted,Standard Loan,Germany,Lower Saxony,120,8.01,28507.92,01-03-2024
2114,CON-002114,26,425,Completed,Lease,Germany,Berlin,180,6.92,32052.34,26-11-2023
2115,CON-002115,8,1599,Completed,Standard Loan,Germany,Berlin,120,5.8,17388.75,14-02-2023
2116,CON-002116,40,1085,Active,Standard Loan,Germany,Bavaria,120,6.29,18411.52,07-12-2023
2117,CON-002117,49,1885,Active,Standard Loan,Germany,Hesse,120,5.04,24470.63,07-09-2023
2118,CON-002118,17,1695,Defaulted,Lease,Germany,North Rhine-Westphalia,180,4.54,31013.64,05-10-2022
2119,CON-002119,4,514,Active,Lease,Germany,Hesse,60,5.55,22741.84,12-10-2024
2120,CON-002120,37,543,Active,Standard Loan,Netherlands,North Holland,240,7.5,32223.68,30-11-2024
2121,CON-002121,49,783,Active,Lease,Germany,Hesse,180,8.21,23903.98,18-10-2024
2122,CON-002122,47,1921,Active,Standard Loan,Germany,Baden-Württemberg,120,3.64,44982.97,01-03-2023
2123,CON-002123,38,1682,Active,Lease,Netherlands,North Holland,240,6.83,38505.46,07-04-2024
2124,CON-002124,40,535,Active,PPA,Germany,Bavaria,180,7.67,44763.88,01-07-2024
2125,CON-002125,27,997,Active,Standard Loan,Austria,Upper Austria,180,4.88,23776.25,19-09-2023
2126,CON-002126,47,442,Active,Lease,Germany,Baden-Württemberg,120,5.93,8002.22,16-11-2024
2127,CON-002127,21,1293,Active,Lease,Germany,Lower Saxony,120,4.24,30722.07,23-08-2024
2128,CON-002128,21,1574,Active,Lease,Germany,Lower Saxony,60,6.71,10508.58,18-08-2024
2129,CON-002129,1,1242,Active,Standard Loan,Germany,Bavaria,84,5.61,18573.59,26-05-2024
2130,CON-002130,26,1915,Active,Standard Loan,Germany,Berlin,120,8.07,10482.16,08-05-2024
2131,CON-002131,44,1614,Active,PPA,Germany,Hesse,60,5.92,24689.49,03-07-2023
2132,CON-002132,13,1688,Active,Standard Loan,Germany,North Rhine-Westphalia,120,4.81,19071.59,24-07-2024
2133,CON-002133,33,1252,Active,Lease,Germany,Lower Saxony,240,7.23,32871.31,25-02-2023
2134,CON-002134,35,1742,Completed,Standard Loan,Germany,Lower Saxony,120,7.24,33888.21,11-08-2023
2135,CON-002135,47,1593,Cancelled,Standard Loan,Germany,Baden-Württemberg,120,4.52,43866.86,27-05-2024
2136,CON-002136,36,617,In Arrears,PPA,Austria,Styria,120,4.48,41325.97,28-05-2024
2137,CON-002137,30,1726,Active,Standard Loan,Austria,Vienna,240,8.18,36705.35,05-10-2022
2138,CON-002138,7,1350,Active,Lease,Germany,Bavaria,120,6.61,30935.44,02-10-2023
2139,CON-002139,36,623,Active,PPA,Austria,Styria,240,6.27,21879,24-02-2024
2140,CON-002140,44,1946,Active,Standard Loan,Germany,Hesse,180,4.39,27907.37,01-06-2023
2141,CON-002141,29,1272,Defaulted,Subscription,Germany,Hesse,120,7.08,9518.94,01-03-2023
2142,CON-002142,5,829,Active,Standard Loan,Austria,Vienna,84,4.14,30447.91,22-08-2023
2143,CON-002143,36,1903,Completed,Lease,Austria,Styria,120,7.71,44188.77,18-09-2024
2144,CON-002144,6,1416,In Arrears,Standard Loan,Netherlands,South Holland,84,8.02,18922.1,11-01-2024
2145,CON-002145,21,189,Completed,Subscription,Germany,Lower Saxony,120,6.71,21410.4,22-03-2024
2146,CON-002146,18,1441,Active,Lease,Germany,Bavaria,180,4.98,24641.87,11-09-2022
2147,CON-002147,6,543,Active,Standard Loan,Netherlands,South Holland,120,6.25,32554.82,16-04-2024
2148,CON-002148,39,1821,Active,Standard Loan,Germany,Berlin,180,5.03,44554.27,20-02-2023
2149,CON-002149,33,44,In Arrears,Standard Loan,Germany,Lower Saxony,180,6.49,20626,28-10-2024
2150,CON-002150,6,926,Active,Subscription,Netherlands,South Holland,60,8.36,41955.57,09-06-2023
2151,CON-002151,21,1308,Active,Lease,Germany,Lower Saxony,60,7.27,39087.48,17-02-2024
2152,CON-002152,8,879,Active,Lease,Germany,Berlin,180,4.12,27815.25,19-12-2022
2153,CON-002153,7,394,Active,PPA,Germany,Bavaria,180,5.28,31607.35,10-08-2024
2154,CON-002154,43,750,Active,Lease,Netherlands,North Brabant,240,3.65,15161.45,06-04-2023
2155,CON-002155,47,107,Completed,Lease,Germany,Baden-Württemberg,60,6.34,13148.64,26-01-2023
2156,CON-002156,47,583,Defaulted,Standard Loan,Germany,Baden-Württemberg,84,4.16,31210,10-06-2024
2157,CON-002157,3,1703,Active,PPA,Germany,North Rhine-Westphalia,240,4.84,20565.21,18-09-2024
2158,CON-002158,30,1016,Completed,Standard Loan,Austria,Vienna,180,3.94,20383.05,30-07-2022
2159,CON-002159,50,1442,Active,Standard Loan,Austria,Styria,180,7.03,13454.53,18-09-2024
2160,CON-002160,21,18,In Arrears,PPA,Germany,Lower Saxony,84,8.18,14731.37,23-02-2024
2161,CON-002161,45,1791,Active,Lease,Germany,North Rhine-Westphalia,120,8.4,43743.44,03-10-2024
2162,CON-002162,14,1645,Active,Lease,Germany,Baden-Württemberg,240,6.42,20227.83,01-08-2023
2163,CON-002163,11,1825,Active,Standard Loan,Germany,Baden-Württemberg,120,7.7,23962.36,17-02-2024
2164,CON-002164,28,1504,Active,PPA,Germany,Lower Saxony,180,5.24,33798.51,09-06-2024
2165,CON-002165,5,304,Completed,Standard Loan,Austria,Vienna,120,4.14,42316.7,15-09-2022
2166,CON-002166,6,632,Active,PPA,Netherlands,South Holland,120,3.55,18339.36,10-09-2023
2167,CON-002167,46,920,Active,PPA,Netherlands,North Holland,180,4.57,8617.02,28-06-2024
2168,CON-002168,38,1763,Active,Standard Loan,Netherlands,North Holland,120,8.45,19938.13,02-02-2024
2169,CON-002169,37,645,Completed,Lease,Netherlands,North Holland,120,7.27,17605.77,26-08-2023
2170,CON-002170,49,1300,In Arrears,Standard Loan,Germany,Hesse,84,4.7,21261.06,11-08-2023
2171,CON-002171,12,551,Completed,Standard Loan,Germany,Berlin,180,4.13,35015.69,22-04-2024
2172,CON-002172,28,1959,Active,Lease,Germany,Lower Saxony,180,7.24,23313.25,06-09-2024
2173,CON-002173,9,1703,Active,Lease,Germany,Berlin,120,4.43,40778.52,01-10-2024
2174,CON-002174,1,1547,Active,Lease,Germany,Bavaria,84,4.73,15757.74,26-11-2023
2175,CON-002175,18,1676,Active,Standard Loan,Germany,Bavaria,180,7.66,25943.46,14-05-2023
2176,CON-002176,2,416,Active,Lease,Germany,Berlin,120,6.26,25746.31,04-12-2022
2177,CON-002177,18,1855,Defaulted,Lease,Germany,Bavaria,180,3.91,25670.31,13-07-2023
2178,CON-002178,37,21,Active,Standard Loan,Netherlands,North Holland,240,7,26076.15,21-11-2023
2179,CON-002179,49,1506,Active,Standard Loan,Germany,Hesse,120,6.13,33304.46,27-02-2024
2180,CON-002180,40,1815,Active,Standard Loan,Germany,Bavaria,84,6.59,26241.73,01-09-2024
2181,CON-002181,34,1157,Active,Standard Loan,Germany,Baden-Württemberg,60,5.29,31729.07,18-01-2023
2182,CON-002182,29,1602,Active,Lease,Germany,Hesse,240,3.75,43350.29,06-12-2022
2183,CON-002183,10,1801,Active,Lease,Germany,Lower Saxony,180,7.69,11176.88,14-09-2023
2184,CON-002184,9,1719,Active,Lease,Germany,Berlin,84,4.9,28033.66,20-04-2023
2185,CON-002185,9,69,Active,Lease,Germany,Berlin,60,6.64,36352.81,11-06-2024
2186,CON-002186,49,432,Active,Subscription,Germany,Hesse,120,3.67,8299.95,28-10-2024
2187,CON-002187,30,1007,Active,PPA,Austria,Vienna,120,4.6,35666.79,25-07-2024
2188,CON-002188,21,1961,Active,Standard Loan,Germany,Lower Saxony,84,5.23,17664.94,14-10-2024
2189,CON-002189,13,1574,Active,Subscription,Germany,North Rhine-Westphalia,60,7.95,25928.56,05-04-2024
2190,CON-002190,35,608,Cancelled,PPA,Germany,Lower Saxony,60,5.16,15629.78,05-10-2023
2191,CON-002191,16,980,In Arrears,Standard Loan,Germany,Berlin,120,4.27,27636.48,01-10-2022
2192,CON-002192,38,526,In Arrears,PPA,Netherlands,North Holland,180,5.32,9575.23,22-01-2023
2193,CON-002193,48,202,Active,Standard Loan,Germany,Lower Saxony,180,7.42,39021.94,07-08-2024
2194,CON-002194,18,347,Active,Subscription,Germany,Bavaria,60,4.29,14748.54,02-12-2022
2195,CON-002195,21,1905,Completed,Standard Loan,Germany,Lower Saxony,120,7.24,8093.52,28-10-2024
2196,CON-002196,26,370,Active,Lease,Germany,Berlin,180,6.31,29072.17,20-09-2024
2197,CON-002197,24,874,Active,Standard Loan,Germany,Bavaria,84,6.89,18261.46,17-04-2023
2198,CON-002198,41,1428,Active,PPA,Germany,Lower Saxony,84,8.09,30936.76,16-09-2024
2199,CON-002199,40,1118,Active,Standard Loan,Germany,Bavaria,120,6.35,18068.19,24-08-2024
2200,CON-002200,41,1983,Active,Lease,Germany,Lower Saxony,120,5.31,19210.72,05-12-2022
2201,CON-002201,35,1569,Completed,Standard Loan,Germany,Lower Saxony,120,6.79,11768.4,03-08-2024
2202,CON-002202,8,891,Active,Subscription,Germany,Berlin,120,6.56,41211.01,22-03-2024
2203,CON-002203,37,1672,Active,Standard Loan,Netherlands,North Holland,120,5.3,25161.08,05-10-2023
2204,CON-002204,4,1310,Completed,Lease,Germany,Hesse,180,5.81,39775.91,24-08-2023
2205,CON-002205,14,14,Active,Standard Loan,Germany,Baden-Württemberg,180,4.81,27852.71,20-06-2024
2206,CON-002206,49,1226,Active,Standard Loan,Germany,Hesse,84,5.21,31981.84,01-02-2023
2207,CON-002207,30,1817,Active,Standard Loan,Austria,Vienna,120,6.6,19620.73,22-03-2023
2208,CON-002208,21,232,Completed,Standard Loan,Germany,Lower Saxony,60,7.38,35745.44,17-11-2024
2209,CON-002209,33,229,In Arrears,PPA,Germany,Lower Saxony,240,3.99,23125.01,13-02-2024
2210,CON-002210,46,118,Active,Standard Loan,Netherlands,North Holland,180,4.09,15156.42,10-08-2023
2211,CON-002211,38,1631,In Arrears,PPA,Netherlands,North Holland,120,3.51,8674.99,01-06-2024
2212,CON-002212,50,1127,Active,PPA,Austria,Styria,60,7.15,26229.9,21-06-2024
2213,CON-002213,37,778,Active,Standard Loan,Netherlands,North Holland,120,7.07,29160.51,17-10-2023
2214,CON-002214,47,1159,Completed,Standard Loan,Germany,Baden-Württemberg,60,5.81,15065.65,10-03-2024
2215,CON-002215,5,1739,Active,Standard Loan,Austria,Vienna,60,7.73,36045.2,17-06-2024
2216,CON-002216,21,135,Active,Subscription,Germany,Lower Saxony,120,5.94,24001.62,26-06-2024
2217,CON-002217,17,309,Active,Lease,Germany,North Rhine-Westphalia,240,4.28,35722.66,18-04-2023
2218,CON-002218,42,61,Completed,Standard Loan,Germany,North Rhine-Westphalia,120,4.75,44933.93,09-07-2023
2219,CON-002219,13,441,Defaulted,Standard Loan,Germany,North Rhine-Westphalia,180,6.47,9682.59,27-02-2024
2220,CON-002220,30,1000,Active,Standard Loan,Austria,Vienna,240,4.65,20780.02,30-05-2022
2221,CON-002221,1,589,Active,Lease,Germany,Bavaria,180,8.05,19465.84,23-07-2022
2222,CON-002222,23,1629,Active,PPA,Germany,North Rhine-Westphalia,120,7.06,34905.66,21-10-2023
2223,CON-002223,45,389,Completed,PPA,Germany,North Rhine-Westphalia,120,3.61,34032.97,03-04-2023
2224,CON-002224,1,1514,Active,PPA,Germany,Bavaria,180,4.64,21475.6,15-09-2023
2225,CON-002225,30,520,In Arrears,Standard Loan,Austria,Vienna,60,4.37,39442.63,25-06-2024
2226,CON-002226,46,563,Active,Lease,Netherlands,North Holland,240,7.04,37597.01,12-07-2024
2227,CON-002227,40,56,Completed,Standard Loan,Germany,Bavaria,84,7.55,32872.11,23-06-2024
2228,CON-002228,14,1124,In Arrears,PPA,Germany,Baden-Württemberg,180,7.53,11056.51,29-01-2023
2229,CON-002229,30,431,Completed,Standard Loan,Austria,Vienna,180,7.55,40010.43,01-08-2022
2230,CON-002230,49,682,Active,PPA,Germany,Hesse,120,5.36,15946.5,20-02-2023
2231,CON-002231,15,1643,Active,PPA,Germany,Berlin,120,7.49,33438.7,17-04-2023
2232,CON-002232,37,1867,Active,Standard Loan,Netherlands,North Holland,240,4.44,43755.73,07-07-2024
2233,CON-002233,11,1914,Completed,Lease,Germany,Baden-Württemberg,120,6.95,16006.35,03-11-2024
2234,CON-002234,28,621,In Arrears,Lease,Germany,Lower Saxony,180,4.9,26376.24,26-11-2023
2235,CON-002235,9,169,Active,Standard Loan,Germany,Berlin,180,4.72,16988.56,17-08-2023
2236,CON-002236,10,184,Active,PPA,Germany,Lower Saxony,240,3.56,8059.92,05-03-2023
2237,CON-002237,47,1004,Active,Standard Loan,Germany,Baden-Württemberg,60,6.37,44681.23,31-05-2024
2238,CON-002238,6,713,Active,Lease,Netherlands,South Holland,120,7.2,21807.53,14-06-2024
2239,CON-002239,36,829,Active,Lease,Austria,Styria,84,3.97,13449.43,29-06-2024
2240,CON-002240,30,1808,Active,PPA,Austria,Vienna,120,7.57,16227.7,17-06-2022
2241,CON-002241,9,1715,Active,Lease,Germany,Berlin,120,5.5,30746.06,23-09-2024
2242,CON-002242,21,1133,Completed,Standard Loan,Germany,Lower Saxony,180,3.6,37031.22,06-06-2024
2243,CON-002243,31,934,Completed,Subscription,Germany,Berlin,180,4.65,12835.47,15-03-2024
2244,CON-002244,37,420,Active,Standard Loan,Netherlands,North Holland,84,3.85,39944.93,05-08-2023
2245,CON-002245,21,720,Active,Subscription,Germany,Lower Saxony,120,8.27,25107.75,01-12-2024
2246,CON-002246,47,802,In Arrears,Standard Loan,Germany,Baden-Württemberg,180,5.49,13126.25,04-10-2023
2247,CON-002247,1,220,Active,PPA,Germany,Bavaria,120,8.15,8928.11,12-08-2023
2248,CON-002248,28,1278,Active,Lease,Germany,Lower Saxony,240,4.66,36590,05-10-2024
2249,CON-002249,16,538,Completed,PPA,Germany,Berlin,180,3.52,21397.25,11-03-2024
2250,CON-002250,26,418,Active,Standard Loan,Germany,Berlin,120,4.59,33539.9,25-07-2023
2251,CON-002251,9,824,Active,Standard Loan,Germany,Berlin,240,7.33,13570.05,10-01-2023
2252,CON-002252,31,1178,Cancelled,Standard Loan,Germany,Berlin,120,5.91,29392.98,14-08-2024
2253,CON-002253,40,1458,Active,Standard Loan,Germany,Bavaria,120,5.96,39709.75,14-02-2023
2254,CON-002254,27,1729,Cancelled,Standard Loan,Austria,Upper Austria,120,4.15,41672.82,25-01-2024
2255,CON-002255,21,487,Active,Standard Loan,Germany,Lower Saxony,180,6.66,29852.08,06-06-2024
2256,CON-002256,30,1952,Completed,Standard Loan,Austria,Vienna,120,7.66,24927.69,25-09-2023
2257,CON-002257,4,88,Active,Lease,Germany,Hesse,120,8.21,32274.04,04-05-2023
2258,CON-002258,36,1287,Active,Standard Loan,Austria,Styria,180,6.7,25479.51,27-03-2024
2259,CON-002259,10,100,Cancelled,Subscription,Germany,Lower Saxony,180,7.11,24693.98,09-10-2023
2260,CON-002260,45,30,Completed,Lease,Germany,North Rhine-Westphalia,84,3.5,28085.27,16-06-2023
2261,CON-002261,37,1419,Completed,PPA,Netherlands,North Holland,180,6.21,44660.61,20-01-2024
2262,CON-002262,9,1371,Active,Standard Loan,Germany,Berlin,180,6.42,42754,23-07-2024
2263,CON-002263,25,994,Active,Standard Loan,Germany,Hesse,84,5.92,44749.49,08-06-2022
2264,CON-002264,39,1342,Active,Standard Loan,Germany,Berlin,84,6.33,24868.92,07-10-2023
2265,CON-002265,28,1538,Active,PPA,Germany,Lower Saxony,60,4.52,8385.41,21-04-2024
2266,CON-002266,39,639,In Arrears,Lease,Germany,Berlin,120,6.45,30105.99,09-09-2023
2267,CON-002267,21,957,Active,PPA,Germany,Lower Saxony,240,7.41,25625.24,16-04-2024
2268,CON-002268,45,1443,Active,Lease,Germany,North Rhine-Westphalia,120,5.84,36004.15,25-09-2023
2269,CON-002269,42,342,Cancelled,Standard Loan,Germany,North Rhine-Westphalia,120,6.45,40535.64,24-11-2022
2270,CON-002270,42,1635,Active,Standard Loan,Germany,North Rhine-Westphalia,180,8.44,12558.5,02-07-2023
2271,CON-002271,10,1553,Active,Standard Loan,Germany,Lower Saxony,120,8.01,41902.61,25-09-2023
2272,CON-002272,11,1948,Cancelled,Standard Loan,Germany,Baden-Württemberg,60,4.22,30820.96,19-09-2023
2273,CON-002273,21,91,Active,Standard Loan,Germany,Lower Saxony,180,8.26,21980.3,23-02-2024
2274,CON-002274,47,1419,Active,Standard Loan,Germany,Baden-Württemberg,180,4.45,24192.9,10-01-2024
2275,CON-002275,16,10,Completed,Standard Loan,Germany,Berlin,84,7.08,9796.73,31-05-2023
2276,CON-002276,29,69,Active,Standard Loan,Germany,Hesse,120,5.89,43042.03,07-11-2023
2277,CON-002277,31,875,Cancelled,Lease,Germany,Berlin,180,4.78,21398.07,18-04-2024
2278,CON-002278,1,1154,Completed,Standard Loan,Germany,Bavaria,120,8.47,43913.05,02-09-2023
2279,CON-002279,43,797,Defaulted,Standard Loan,Netherlands,North Brabant,120,8.3,28141.19,26-09-2023
2280,CON-002280,37,1726,Active,PPA,Netherlands,North Holland,84,7.94,41930.97,01-12-2023
2281,CON-002281,35,43,In Arrears,PPA,Germany,Lower Saxony,120,8.32,42132.63,16-04-2024
2282,CON-002282,36,9,Defaulted,Standard Loan,Austria,Styria,120,7.38,13900.74,27-07-2024
2283,CON-002283,42,1677,Active,PPA,Germany,North Rhine-Westphalia,180,7.53,28993.21,23-12-2022
2284,CON-002284,25,1758,Active,Standard Loan,Germany,Hesse,120,4.07,8308.65,29-03-2023
2285,CON-002285,1,627,Active,Standard Loan,Germany,Bavaria,60,6.14,19552.12,23-05-2024
2286,CON-002286,36,1936,Active,Standard Loan,Austria,Styria,180,3.91,40835.54,29-10-2024
2287,CON-002287,21,1761,Defaulted,Standard Loan,Germany,Lower Saxony,180,6.98,10055.48,19-04-2024
2288,CON-002288,8,1770,Active,Standard Loan,Germany,Berlin,180,7.4,21153.93,30-05-2024
2289,CON-002289,15,1038,Active,Lease,Germany,Berlin,180,5.49,25807.41,18-08-2023
2290,CON-002290,47,400,Active,Subscription,Germany,Baden-Württemberg,60,8.34,26784.48,17-08-2023
2291,CON-002291,36,262,Active,Standard Loan,Austria,Styria,180,3.55,9812.05,28-08-2024
2292,CON-002292,33,1917,Active,Lease,Germany,Lower Saxony,120,4.84,32555.41,24-03-2024
2293,CON-002293,35,1374,Active,Subscription,Germany,Lower Saxony,120,7.11,28923.36,24-08-2023
2294,CON-002294,49,1033,Active,PPA,Germany,Hesse,180,5.25,29143.92,14-06-2022
2295,CON-002295,9,662,Active,PPA,Germany,Berlin,84,4.63,13527.6,19-11-2023
2296,CON-002296,42,1613,Cancelled,Standard Loan,Germany,North Rhine-Westphalia,84,5.88,20597.24,28-08-2024
2297,CON-002297,49,1736,Completed,PPA,Germany,Hesse,240,7.55,10861.04,01-06-2023
2298,CON-002298,35,455,Active,Lease,Germany,Lower Saxony,240,8.02,25265.88,03-11-2023
2299,CON-002299,7,411,Completed,Lease,Germany,Bavaria,240,5,37996,14-09-2023
2300,CON-002300,9,153,In Arrears,Standard Loan,Germany,Berlin,60,8.13,16796.18,30-07-2024
2301,CON-002301,31,849,Active,PPA,Germany,Berlin,180,4.68,42188.16,27-02-2024
2302,CON-002302,26,1176,Defaulted,PPA,Germany,Berlin,120,6.68,15309.46,30-07-2023
2303,CON-002303,35,666,Active,Standard Loan,Germany,Lower Saxony,84,8.37,21926.49,07-10-2024
2304,CON-002304,37,524,Active,Lease,Netherlands,North Holland,180,6.74,38891.96,23-11-2024
2305,CON-002305,40,953,Completed,Subscription,Germany,Bavaria,180,6.7,12638.36,03-05-2024
2306,CON-002306,35,927,Active,Standard Loan,Germany,Lower Saxony,60,3.83,33863.06,07-03-2024
2307,CON-002307,8,14,Active,Lease,Germany,Berlin,120,7.4,33673.25,23-09-2023
2308,CON-002308,47,356,Cancelled,Lease,Germany,Baden-Württemberg,84,6.48,11127.56,27-09-2024
2309,CON-002309,4,1289,Active,PPA,Germany,Hesse,84,4.71,42936.24,23-08-2023
2310,CON-002310,21,1504,In Arrears,Standard Loan,Germany,Lower Saxony,120,7.83,23580.85,20-06-2024
2311,CON-002311,1,1342,In Arrears,Lease,Germany,Bavaria,84,6.55,16242.65,04-03-2023
2312,CON-002312,50,1187,Active,PPA,Austria,Styria,120,4.29,27932.05,16-09-2024
2313,CON-002313,40,1378,Completed,PPA,Germany,Bavaria,120,5.58,33660.96,27-07-2024
2314,CON-002314,6,1011,Active,Standard Loan,Netherlands,South Holland,60,4.34,23957.22,25-10-2024
2315,CON-002315,41,1138,Active,Standard Loan,Germany,Lower Saxony,60,4.51,30389.21,08-11-2022
2316,CON-002316,49,1947,Active,Standard Loan,Germany,Hesse,180,5.53,39992.62,20-03-2023
2317,CON-002317,26,530,Active,Standard Loan,Germany,Berlin,120,4.8,42718.6,30-10-2024
2318,CON-002318,35,1746,Active,Standard Loan,Germany,Lower Saxony,120,7.12,35747.23,04-10-2024
2319,CON-002319,20,1541,Active,Standard Loan,Austria,Styria,84,4.48,43370.44,17-03-2024
2320,CON-002320,18,1836,Active,Standard Loan,Germany,Bavaria,180,7.83,37273.83,16-09-2024
2321,CON-002321,24,1518,Defaulted,Standard Loan,Germany,Bavaria,120,4.74,37531.31,14-01-2024
2322,CON-002322,47,1781,Active,Subscription,Germany,Baden-Württemberg,84,7.99,33130.92,06-01-2024
2323,CON-002323,23,651,Active,Lease,Germany,North Rhine-Westphalia,84,7.29,42535.97,04-09-2023
2324,CON-002324,21,1663,Active,Standard Loan,Germany,Lower Saxony,84,4.71,20833.11,30-09-2024
2325,CON-002325,13,230,Active,PPA,Germany,North Rhine-Westphalia,180,5.94,11321.65,06-06-2023
2326,CON-002326,4,1695,Active,Lease,Germany,Hesse,180,6.99,18115.16,17-06-2023
2327,CON-002327,16,1026,Completed,Standard Loan,Germany,Berlin,60,6.47,13781.97,22-04-2023
2328,CON-002328,12,1959,Active,Subscription,Germany,Berlin,240,7.35,10788.61,24-06-2023
2329,CON-002329,49,687,Active,Subscription,Germany,Hesse,120,7.21,34981.36,07-06-2022
2330,CON-002330,47,1088,Active,PPA,Germany,Baden-Württemberg,180,5.85,20327.72,15-10-2024
2331,CON-002331,20,559,Active,Standard Loan,Austria,Styria,120,4.65,43475.32,16-09-2023
2332,CON-002332,13,669,Active,Lease,Germany,North Rhine-Westphalia,84,5.55,39278.91,13-05-2024
2333,CON-002333,30,1775,Defaulted,Standard Loan,Austria,Vienna,180,4.69,12862.66,30-10-2024
2334,CON-002334,23,234,Active,Lease,Germany,North Rhine-Westphalia,120,3.77,30463.2,16-04-2023
2335,CON-002335,20,604,Active,Subscription,Austria,Styria,120,7.89,19324.66,11-04-2024
2336,CON-002336,27,1990,Active,Standard Loan,Austria,Upper Austria,60,3.72,41909.04,15-02-2024
2337,CON-002337,4,1511,In Arrears,Standard Loan,Germany,Hesse,120,6.07,26530.95,16-02-2023
2338,CON-002338,15,890,Active,Standard Loan,Germany,Berlin,180,5.43,16993.7,30-01-2024
2339,CON-002339,28,1453,Cancelled,Standard Loan,Germany,Lower Saxony,120,6.14,33346.91,15-06-2024
2340,CON-002340,19,1084,Active,Standard Loan,Germany,Hesse,120,8.47,36073.58,10-02-2024
2341,CON-002341,29,867,Active,Lease,Germany,Hesse,180,4.28,8065.77,06-05-2023
2342,CON-002342,48,92,Active,Standard Loan,Germany,Lower Saxony,180,5.79,21013.08,04-01-2023
2343,CON-002343,38,632,Active,Lease,Netherlands,North Holland,84,7.34,30335.44,15-02-2024
2344,CON-002344,35,1121,Active,Standard Loan,Germany,Lower Saxony,180,5.23,18510.06,01-09-2023
2345,CON-002345,45,1490,Active,Standard Loan,Germany,North Rhine-Westphalia,120,3.68,24086.92,07-11-2023
2346,CON-002346,5,480,Active,Lease,Austria,Vienna,120,4,23724.5,12-09-2024
2347,CON-002347,42,1950,Active,Subscription,Germany,North Rhine-Westphalia,240,4.74,35768.28,08-11-2022
2348,CON-002348,36,1468,Completed,Standard Loan,Austria,Styria,60,3.66,20931.13,12-02-2024
2349,CON-002349,18,977,Active,Standard Loan,Germany,Bavaria,180,7.02,25838.11,15-03-2023
2350,CON-002350,26,1488,Active,Lease,Germany,Berlin,120,4.3,23380.29,26-02-2023
2351,CON-002351,36,57,Active,PPA,Austria,Styria,84,6.82,13124.34,20-01-2024
2352,CON-002352,18,1095,Active,Lease,Germany,Bavaria,240,4.98,44724.44,10-09-2022
2353,CON-002353,3,1173,Active,Lease,Germany,North Rhine-Westphalia,120,5.98,31350.6,16-04-2023
2354,CON-002354,8,315,Active,Lease,Germany,Berlin,84,4.51,37361.51,09-09-2023
2355,CON-002355,41,385,Active,Lease,Germany,Lower Saxony,120,4.96,19576.24,28-11-2022
2356,CON-002356,12,1967,Active,Standard Loan,Germany,Berlin,84,8.46,28956.56,27-02-2024
2357,CON-002357,14,469,In Arrears,PPA,Germany,Baden-Württemberg,120,5.98,15202.1,08-08-2022
2358,CON-002358,9,1695,Active,Standard Loan,Germany,Berlin,180,6.66,10060.41,29-02-2024
2359,CON-002359,46,490,Active,Standard Loan,Netherlands,North Holland,120,5.84,39565.27,01-12-2023
2360,CON-002360,36,598,Completed,Lease,Austria,Styria,180,4.01,27113.56,21-12-2023
2361,CON-002361,46,1591,Defaulted,Standard Loan,Netherlands,North Holland,120,3.72,28063.8,11-01-2024
2362,CON-002362,8,1907,Active,Standard Loan,Germany,Berlin,180,5.93,30725.82,31-05-2023
2363,CON-002363,11,681,Completed,PPA,Germany,Baden-Württemberg,120,6.56,38677.73,07-06-2023
2364,CON-002364,15,1249,Active,Lease,Germany,Berlin,84,7.5,17602.3,10-01-2023
2365,CON-002365,21,456,Active,Standard Loan,Germany,Lower Saxony,180,4.67,10841.95,13-06-2024
2366,CON-002366,5,1306,Active,PPA,Austria,Vienna,240,3.66,13642.48,13-11-2022
2367,CON-002367,47,858,Active,Standard Loan,Germany,Baden-Württemberg,180,6.85,23124.28,02-10-2024
2368,CON-002368,41,808,Completed,PPA,Germany,Lower Saxony,120,7.22,38740.31,25-03-2024
2369,CON-002369,34,697,In Arrears,Lease,Germany,Baden-Württemberg,240,8.28,33032.03,13-07-2024
2370,CON-002370,21,841,In Arrears,Standard Loan,Germany,Lower Saxony,120,8.34,16156.44,27-05-2024
2371,CON-002371,40,841,Active,Subscription,Germany,Bavaria,240,8.5,28807.43,25-02-2023
2372,CON-002372,47,909,Active,Standard Loan,Germany,Baden-Württemberg,84,6.68,24462.57,17-09-2023
2373,CON-002373,17,139,Cancelled,Subscription,Germany,North Rhine-Westphalia,120,6.36,18170.95,11-03-2023
2374,CON-002374,21,571,Active,PPA,Germany,Lower Saxony,120,4.56,8805.9,23-10-2024
2375,CON-002375,19,1943,Active,Standard Loan,Germany,Hesse,120,4.13,36289.11,20-03-2023
2376,CON-002376,14,87,Cancelled,Standard Loan,Germany,Baden-Württemberg,120,4.61,39740.5,17-03-2024
2377,CON-002377,35,284,Active,Lease,Germany,Lower Saxony,120,6.52,16497.81,06-11-2024
2378,CON-002378,21,1170,Active,Standard Loan,Germany,Lower Saxony,60,7.58,22967.26,05-07-2024
2379,CON-002379,12,844,Active,Subscription,Germany,Berlin,120,8.2,34004.45,22-08-2024
2380,CON-002380,21,151,Active,Standard Loan,Germany,Lower Saxony,60,8.48,30294.75,27-02-2024
2381,CON-002381,42,1857,Active,Standard Loan,Germany,North Rhine-Westphalia,120,5.44,18678.96,27-11-2022
2382,CON-002382,48,695,Completed,Lease,Germany,Lower Saxony,120,6.31,36671.2,03-04-2024
2383,CON-002383,28,1619,In Arrears,Subscription,Germany,Lower Saxony,60,6.75,22995.64,16-09-2023
2384,CON-002384,24,874,Active,Standard Loan,Germany,Bavaria,120,8.25,36313.1,20-04-2023
2385,CON-002385,31,733,Active,Subscription,Germany,Berlin,180,7.58,42566.58,24-05-2023
2386,CON-002386,5,1896,Active,Standard Loan,Austria,Vienna,180,7.66,44729.92,13-07-2024
2387,CON-002387,47,1965,Completed,Standard Loan,Germany,Baden-Württemberg,60,8.36,21196.88,19-11-2023
2388,CON-002388,15,1184,Active,Lease,Germany,Berlin,180,5.02,28891.85,06-11-2024
2389,CON-002389,18,985,In Arrears,Standard Loan,Germany,Bavaria,120,4.04,36717.73,04-03-2023
2390,CON-002390,12,1088,Active,Lease,Germany,Berlin,180,7.29,19511.32,20-05-2023
2391,CON-002391,10,1043,Active,Standard Loan,Germany,Lower Saxony,84,5.43,12131.72,27-07-2023
2392,CON-002392,42,1625,Cancelled,Standard Loan,Germany,North Rhine-Westphalia,84,6.34,19227.23,19-07-2023
2393,CON-002393,26,1945,Active,Standard Loan,Germany,Berlin,180,7.56,38439.28,27-05-2023
2394,CON-002394,36,1962,Active,Lease,Austria,Styria,180,6.79,22356.75,15-02-2024
2395,CON-002395,50,1471,Active,Lease,Austria,Styria,120,7.46,41098.21,26-03-2023
2396,CON-002396,23,1178,Defaulted,PPA,Germany,North Rhine-Westphalia,120,6.3,11746.92,11-03-2023
2397,CON-002397,24,1283,Active,Standard Loan,Germany,Bavaria,120,5.2,22548.45,10-06-2023
2398,CON-002398,44,1112,Active,Standard Loan,Germany,Hesse,120,4.54,29923.6,20-07-2023
2399,CON-002399,6,1351,Active,Standard Loan,Netherlands,South Holland,180,5.3,8181.4,28-11-2024
2400,CON-002400,36,1800,In Arrears,Standard Loan,Austria,Styria,180,8.43,22708.71,18-01-2024
2401,CON-002401,7,1587,Active,Standard Loan,Germany,Bavaria,60,3.62,42184.91,26-08-2024
2402,CON-002402,6,1541,Active,Standard Loan,Netherlands,South Holland,180,7.25,11077.08,17-06-2023
2403,CON-002403,5,1287,Active,Lease,Austria,Vienna,120,7.44,43813.89,06-02-2023
2404,CON-002404,6,337,Active,PPA,Netherlands,South Holland,60,6.86,28573.52,18-10-2023
2405,CON-002405,29,1758,Defaulted,Lease,Germany,Hesse,180,6.62,36274,17-12-2023
2406,CON-002406,30,15,Active,Standard Loan,Austria,Vienna,84,8.16,10722.33,12-07-2022
2407,CON-002407,7,546,Completed,Subscription,Germany,Bavaria,240,4.73,44698.67,21-02-2024
2408,CON-002408,49,1578,In Arrears,Lease,Germany,Hesse,180,4.13,10657.4,27-07-2022
2409,CON-002409,44,623,Active,Standard Loan,Germany,Hesse,180,6.13,44409.82,17-01-2023
2410,CON-002410,35,1984,Completed,Lease,Germany,Lower Saxony,180,4.28,23298.02,02-01-2024
2411,CON-002411,23,239,In Arrears,PPA,Germany,North Rhine-Westphalia,84,8.07,30551.1,04-08-2024
2412,CON-002412,23,1802,Active,Lease,Germany,North Rhine-Westphalia,84,7.41,32657.73,09-11-2023
2413,CON-002413,36,722,Active,Standard Loan,Austria,Styria,180,6.17,40763.91,08-02-2024
2414,CON-002414,6,870,Active,PPA,Netherlands,South Holland,84,6.42,30385.5,01-11-2024
2415,CON-002415,47,588,Completed,Standard Loan,Germany,Baden-Württemberg,120,4.79,19147.54,13-10-2024
2416,CON-002416,47,166,In Arrears,PPA,Germany,Baden-Württemberg,120,4.06,43963.81,31-07-2024
2417,CON-002417,12,765,Active,PPA,Germany,Berlin,60,7.04,8907.31,06-02-2024
2418,CON-002418,17,413,Active,Standard Loan,Germany,North Rhine-Westphalia,180,6.97,36524.17,27-01-2024
2419,CON-002419,25,1356,Cancelled,Lease,Germany,Hesse,240,6.39,33459.53,15-08-2022
2420,CON-002420,49,1613,Active,Standard Loan,Germany,Hesse,84,5.56,40794.01,08-09-2023
2421,CON-002421,9,1675,Active,Lease,Germany,Berlin,60,7.48,14482.74,23-09-2023
2422,CON-002422,32,1598,Active,PPA,Germany,Lower Saxony,180,7.11,43896.34,12-07-2023
2423,CON-002423,49,610,Completed,Standard Loan,Germany,Hesse,180,3.84,43581.81,05-04-2023
2424,CON-002424,24,1047,In Arrears,Standard Loan,Germany,Bavaria,60,6.88,44542.64,22-04-2023
2425,CON-002425,12,1877,Completed,Standard Loan,Germany,Berlin,240,5.46,32158.63,17-10-2023
2426,CON-002426,9,767,Active,Standard Loan,Germany,Berlin,180,4.3,15695.79,17-09-2023
2427,CON-002427,49,437,Active,Lease,Germany,Hesse,180,6.39,14146.75,19-10-2023
2428,CON-002428,8,582,Active,Lease,Germany,Berlin,180,3.7,25453.02,26-01-2023
2429,CON-002429,6,1769,Active,Standard Loan,Netherlands,South Holland,180,8.41,36212.38,17-10-2023
2430,CON-002430,10,931,Active,Standard Loan,Germany,Lower Saxony,60,5.75,8832.71,11-08-2022
2431,CON-002431,36,350,Defaulted,Lease,Austria,Styria,84,6.57,23905.63,29-11-2024
2432,CON-002432,18,1759,Active,Standard Loan,Germany,Bavaria,180,5.27,11380.85,30-07-2024
2433,CON-002433,20,1660,Active,Standard Loan,Austria,Styria,84,5.02,27897.35,18-01-2024
2434,CON-002434,9,655,Active,Standard Loan,Germany,Berlin,84,3.55,24716.48,06-12-2022
2435,CON-002435,36,1097,Active,Standard Loan,Austria,Styria,240,6.85,33263.71,24-11-2024
2436,CON-002436,24,641,Active,PPA,Germany,Bavaria,84,5.67,29205.71,16-09-2024
2437,CON-002437,7,1147,Active,Standard Loan,Germany,Bavaria,84,5.61,41294.52,11-12-2023
2438,CON-002438,30,1150,Cancelled,Standard Loan,Austria,Vienna,60,4.53,8053.09,10-01-2023
2439,CON-002439,2,703,Active,Lease,Germany,Berlin,120,5.82,9133.22,29-03-2023
2440,CON-002440,30,282,Active,Lease,Austria,Vienna,180,5.95,19074.98,19-03-2024
2441,CON-002441,28,1428,Cancelled,Lease,Germany,Lower Saxony,60,5.29,19760.49,24-03-2023
2442,CON-002442,42,1140,Completed,Lease,Germany,North Rhine-Westphalia,120,7.15,36594.94,01-04-2024
2443,CON-002443,21,1529,Active,Lease,Germany,Lower Saxony,84,7.47,28448.96,02-05-2024
2444,CON-002444,30,1640,Active,Standard Loan,Austria,Vienna,120,5.02,20944.13,27-12-2023
2445,CON-002445,37,1408,Defaulted,Standard Loan,Netherlands,North Holland,240,4.37,20574.91,01-11-2024
2446,CON-002446,20,598,Active,Standard Loan,Austria,Styria,84,5.15,13888.82,08-11-2022
2447,CON-002447,24,1799,Active,Standard Loan,Germany,Bavaria,84,3.7,11050.87,10-08-2024
2448,CON-002448,12,237,Active,PPA,Germany,Berlin,180,6.17,37508.64,20-05-2024
2449,CON-002449,25,1505,Active,Lease,Germany,Hesse,60,7.94,39205.6,09-05-2023
2450,CON-002450,45,1466,Active,Standard Loan,Germany,North Rhine-Westphalia,120,6.96,18915.62,21-06-2024
2451,CON-002451,18,581,Active,PPA,Germany,Bavaria,120,5.11,26349.24,10-02-2024
2452,CON-002452,6,1165,Completed,Standard Loan,Netherlands,South Holland,240,7.49,16269.49,28-05-2024
2453,CON-002453,49,1756,In Arrears,Standard Loan,Germany,Hesse,120,7.84,11850.96,28-01-2023
2454,CON-002454,31,1707,Active,PPA,Germany,Berlin,240,6.35,41727.86,03-11-2023
2455,CON-002455,44,1183,Active,Lease,Germany,Hesse,84,7.38,15452.45,01-12-2022
2456,CON-002456,21,1300,In Arrears,Lease,Germany,Lower Saxony,84,5.79,33188.07,29-10-2024
2457,CON-002457,31,1623,Active,Standard Loan,Germany,Berlin,180,3.54,44570.4,27-07-2024
2458,CON-002458,7,523,Completed,Lease,Germany,Bavaria,180,6.7,29360.7,08-06-2024
2459,CON-002459,24,1752,Active,Lease,Germany,Bavaria,180,8.18,41757.52,08-01-2024
2460,CON-002460,26,475,Active,Subscription,Germany,Berlin,180,7.91,13384.75,22-04-2024
2461,CON-002461,43,1899,In Arrears,Standard Loan,Netherlands,North Brabant,180,6.23,36378.6,18-08-2023
2462,CON-002462,37,1190,Active,Lease,Netherlands,North Holland,180,5.85,26368.33,20-06-2023
2463,CON-002463,34,1501,Cancelled,Lease,Germany,Baden-Württemberg,180,4.99,18237.64,13-03-2024
2464,CON-002464,44,64,Cancelled,Standard Loan,Germany,Hesse,180,3.72,22910.7,03-10-2022
2465,CON-002465,23,1732,Completed,Subscription,Germany,North Rhine-Westphalia,120,4.66,36437.91,19-02-2024
2466,CON-002466,6,66,Active,Standard Loan,Netherlands,South Holland,84,6.4,42025.32,16-11-2023
2467,CON-002467,35,505,Active,PPA,Germany,Lower Saxony,120,6.53,36964.19,13-07-2023
2468,CON-002468,24,191,Active,Standard Loan,Germany,Bavaria,120,6.83,37502.62,28-06-2024
2469,CON-002469,17,966,In Arrears,Lease,Germany,North Rhine-Westphalia,180,5.94,43344.07,14-01-2023
2470,CON-002470,6,619,Completed,Standard Loan,Netherlands,South Holland,120,5.44,40565.97,15-06-2024
2471,CON-002471,2,168,Defaulted,Lease,Germany,Berlin,120,4.59,29603.12,10-07-2023
2472,CON-002472,27,579,Active,PPA,Austria,Upper Austria,240,5.54,29751.14,14-02-2023
2473,CON-002473,38,937,Completed,Standard Loan,Netherlands,North Holland,240,4.19,38390.38,09-10-2024
2474,CON-002474,9,465,Active,Standard Loan,Germany,Berlin,180,5.16,12398.6,03-11-2024
2475,CON-002475,33,778,In Arrears,Standard Loan,Germany,Lower Saxony,240,4.73,25836.64,01-07-2023
2476,CON-002476,34,922,Active,Subscription,Germany,Baden-Württemberg,84,5.28,21621.34,19-10-2023
2477,CON-002477,3,71,Active,Subscription,Germany,North Rhine-Westphalia,120,4.47,44051.88,03-10-2024
2478,CON-002478,20,1454,Active,Standard Loan,Austria,Styria,180,4.06,13924.35,05-12-2023
2479,CON-002479,35,1942,Cancelled,Standard Loan,Germany,Lower Saxony,180,5.12,24191.18,02-06-2023
2480,CON-002480,9,143,Active,Standard Loan,Germany,Berlin,84,7.05,8977.34,17-09-2024
2481,CON-002481,30,809,Active,Standard Loan,Austria,Vienna,60,4.78,21679.52,20-01-2024
2482,CON-002482,7,1003,Active,Lease,Germany,Bavaria,120,3.53,26441.5,23-10-2024
2483,CON-002483,47,963,Active,Standard Loan,Germany,Baden-Württemberg,84,5.55,44488.07,14-11-2024
2484,CON-002484,42,1879,Active,Subscription,Germany,North Rhine-Westphalia,84,7.21,17035.27,24-09-2023
2485,CON-002485,43,890,Active,Standard Loan,Netherlands,North Brabant,180,6.31,14798.44,20-05-2023
2486,CON-002486,31,115,Active,Standard Loan,Germany,Berlin,180,5.5,24942.73,14-10-2023
2487,CON-002487,47,1400,Active,Lease,Germany,Baden-Württemberg,240,6.89,14387.81,01-04-2023
2488,CON-002488,11,252,Active,Lease,Germany,Baden-Württemberg,120,6.5,41079.73,17-02-2023
2489,CON-002489,30,154,Completed,Lease,Austria,Vienna,180,7.59,29762.15,02-11-2022
2490,CON-002490,9,1068,Active,Standard Loan,Germany,Berlin,180,4.06,39453.73,17-09-2024
2491,CON-002491,9,1724,Active,Standard Loan,Germany,Berlin,180,7.99,12659.16,05-01-2023
2492,CON-002492,24,822,Active,Standard Loan,Germany,Bavaria,120,3.77,18584.66,11-08-2023
2493,CON-002493,30,173,Active,Lease,Austria,Vienna,84,6.24,13375.85,20-05-2024
2494,CON-002494,29,946,In Arrears,Lease,Germany,Hesse,240,8.4,14194.21,24-12-2022
2495,CON-002495,46,1524,Active,Standard Loan,Netherlands,North Holland,120,6.02,19989.63,04-11-2024
2496,CON-002496,21,1388,In Arrears,Standard Loan,Germany,Lower Saxony,180,7.61,31929.1,09-09-2024
2497,CON-002497,37,713,Active,Standard Loan,Netherlands,North Holland,84,5.81,24762.8,27-05-2024
2498,CON-002498,26,185,Active,Standard Loan,Germany,Berlin,60,3.52,33784.48,02-08-2023
2499,CON-002499,24,1265,Active,Subscription,Germany,Bavaria,60,8.02,27016.12,25-04-2024
2500,CON-002500,9,1653,Active,Standard Loan,Germany,Berlin,120,7.48,13044.24,05-01-2024
2501,CON-002501,37,1841,Active,Lease,Netherlands,North Holland,120,5.69,8048.46,02-07-2024
2502,CON-002502,47,1537,Completed,Standard Loan,Germany,Baden-Württemberg,180,5.49,27066.51,23-02-2024
2503,CON-002503,43,1848,Completed,Lease,Netherlands,North Brabant,120,5.86,40187.97,03-04-2023
2504,CON-002504,8,1370,In Arrears,Standard Loan,Germany,Berlin,180,7.9,36155.87,15-02-2023
2505,CON-002505,36,1865,Completed,Standard Loan,Austria,Styria,180,4.85,39022.83,07-06-2024
2506,CON-002506,33,1731,Active,Lease,Germany,Lower Saxony,180,6.28,27325.08,30-08-2024
2507,CON-002507,25,779,Defaulted,Standard Loan,Germany,Hesse,180,5.5,40272.24,29-04-2024
2508,CON-002508,24,1465,In Arrears,Lease,Germany,Bavaria,120,4.93,18544.31,03-04-2023
2509,CON-002509,38,1920,Active,Standard Loan,Netherlands,North Holland,180,6.74,18865.82,24-11-2023
2510,CON-002510,49,1558,Defaulted,Standard Loan,Germany,Hesse,120,3.5,33022.57,11-09-2024
2511,CON-002511,38,1563,Active,Standard Loan,Netherlands,North Holland,60,3.74,20876.58,14-02-2023
2512,CON-002512,36,1457,Active,Lease,Austria,Styria,180,6.59,9212.57,25-03-2024
2513,CON-002513,35,1937,Active,Lease,Germany,Lower Saxony,240,7.45,25514.73,26-05-2024
2514,CON-002514,36,1156,Active,Lease,Austria,Styria,180,7.84,23623.66,17-05-2024
2515,CON-002515,24,159,Active,Lease,Germany,Bavaria,120,5.42,33093.45,27-07-2023
2516,CON-002516,9,428,Active,PPA,Germany,Berlin,120,5.25,34595.55,11-01-2024
2517,CON-002517,36,405,Completed,PPA,Austria,Styria,84,8.19,44382.06,04-03-2024
2518,CON-002518,42,1873,Active,Lease,Germany,North Rhine-Westphalia,180,7.36,33408.9,19-05-2023
2519,CON-002519,39,653,Cancelled,PPA,Germany,Berlin,240,7.69,19848.53,15-08-2024
2520,CON-002520,16,145,Active,Standard Loan,Germany,Berlin,120,4.99,34772.73,10-09-2024
2521,CON-002521,34,1199,Active,Lease,Germany,Baden-Württemberg,240,7.48,26622.68,01-10-2022
2522,CON-002522,24,1422,Active,Standard Loan,Germany,Bavaria,120,6.39,24159,05-03-2023
2523,CON-002523,9,219,Cancelled,Lease,Germany,Berlin,84,8.01,11349.58,20-07-2024
2524,CON-002524,42,1091,Active,Lease,Germany,North Rhine-Westphalia,120,6.89,41191.5,09-10-2023
2525,CON-002525,33,973,Active,PPA,Germany,Lower Saxony,84,7.63,23245.85,27-04-2023
2526,CON-002526,24,494,Defaulted,Standard Loan,Germany,Bavaria,180,7.76,8307.62,14-11-2023
2527,CON-002527,43,1853,Active,Standard Loan,Netherlands,North Brabant,180,8.24,32519.82,01-03-2023
2528,CON-002528,18,571,Active,PPA,Germany,Bavaria,180,6.09,40721.72,27-12-2022
2529,CON-002529,44,743,Active,Lease,Germany,Hesse,240,7.77,37761.52,04-11-2022
2530,CON-002530,30,1555,Active,Standard Loan,Austria,Vienna,60,4.37,17172.54,03-04-2023
2531,CON-002531,37,573,Active,Standard Loan,Netherlands,North Holland,240,7.9,10982.35,09-10-2024
2532,CON-002532,27,1039,Active,PPA,Austria,Upper Austria,120,7.5,30995.31,23-09-2024
2533,CON-002533,43,1749,Active,Standard Loan,Netherlands,North Brabant,120,6.59,29818.17,09-08-2023
2534,CON-002534,25,413,Active,Subscription,Germany,Hesse,120,7.92,36064.19,24-01-2023
2535,CON-002535,47,701,Defaulted,Standard Loan,Germany,Baden-Württemberg,240,8.42,23390.11,09-09-2024
2536,CON-002536,18,1858,Active,Standard Loan,Germany,Bavaria,180,5.16,44668.71,15-01-2023
2537,CON-002537,45,1196,Completed,Standard Loan,Germany,North Rhine-Westphalia,84,7.7,39135.1,30-07-2022
2538,CON-002538,13,209,Active,Lease,Germany,North Rhine-Westphalia,120,8.11,10586.5,20-02-2024
2539,CON-002539,21,1185,Active,Standard Loan,Germany,Lower Saxony,180,3.81,42850.05,10-06-2024
2540,CON-002540,13,1352,Active,Standard Loan,Germany,North Rhine-Westphalia,240,4.01,9299.56,17-01-2024
2541,CON-002541,47,1273,Completed,Subscription,Germany,Baden-Württemberg,84,5.7,32981.93,18-03-2023
2542,CON-002542,37,771,Defaulted,Standard Loan,Netherlands,North Holland,120,6.68,13992.19,20-08-2023
2543,CON-002543,10,1900,Active,PPA,Germany,Lower Saxony,84,6.63,15759.16,07-11-2024
2544,CON-002544,30,1436,Defaulted,Standard Loan,Austria,Vienna,180,8.03,23399.27,18-04-2024
2545,CON-002545,44,506,Completed,Standard Loan,Germany,Hesse,120,5.27,20065.83,28-07-2023
2546,CON-002546,47,1126,Cancelled,Subscription,Germany,Baden-Württemberg,180,4.38,13161.86,09-08-2024
2547,CON-002547,29,1500,In Arrears,Standard Loan,Germany,Hesse,120,8.06,19695.66,14-02-2024
2548,CON-002548,32,209,Active,Lease,Germany,Lower Saxony,180,4.38,26555.56,09-09-2023
2549,CON-002549,15,42,Completed,Standard Loan,Germany,Berlin,84,4.71,32784.41,27-11-2023
2550,CON-002550,34,1034,Cancelled,Standard Loan,Germany,Baden-Württemberg,120,7.46,35921.52,10-09-2024
2551,CON-002551,23,291,Active,Standard Loan,Germany,North Rhine-Westphalia,240,4.13,24373.02,24-05-2024
2552,CON-002552,23,124,Active,Standard Loan,Germany,North Rhine-Westphalia,84,4.22,25122.43,14-02-2024
2553,CON-002553,1,923,In Arrears,Subscription,Germany,Bavaria,120,4.63,17939.59,12-10-2023
2554,CON-002554,1,782,Defaulted,PPA,Germany,Bavaria,84,4.61,31595.89,06-12-2023
2555,CON-002555,49,1836,In Arrears,Standard Loan,Germany,Hesse,84,7.95,14418.92,20-09-2023
2556,CON-002556,42,1961,Active,Standard Loan,Germany,North Rhine-Westphalia,180,7.34,10069.58,03-09-2023
2557,CON-002557,19,219,Active,Lease,Germany,Hesse,60,4.13,25104.44,24-01-2023
2558,CON-002558,42,542,Active,PPA,Germany,North Rhine-Westphalia,240,5.06,14039.03,09-11-2024
2559,CON-002559,49,1085,Completed,Lease,Germany,Hesse,120,5.55,30334.35,27-04-2023
2560,CON-002560,49,1087,Active,Standard Loan,Germany,Hesse,240,5.79,9431.07,15-11-2024
2561,CON-002561,49,1159,Completed,Standard Loan,Germany,Hesse,120,6.42,31592.38,26-07-2022
2562,CON-002562,35,1846,Active,Standard Loan,Germany,Lower Saxony,180,8.43,20700.98,22-06-2024
2563,CON-002563,49,1110,Active,Standard Loan,Germany,Hesse,120,6.86,26480.06,21-11-2024
2564,CON-002564,10,1635,Active,Subscription,Germany,Lower Saxony,84,6.22,20220.9,11-07-2024
2565,CON-002565,23,1956,Cancelled,Lease,Germany,North Rhine-Westphalia,180,4.7,30753.52,11-05-2024
2566,CON-002566,33,1365,Active,Lease,Germany,Lower Saxony,120,3.66,23265.48,21-07-2023
2567,CON-002567,11,1138,Active,Standard Loan,Germany,Baden-Württemberg,84,8.28,29309.06,04-03-2023
2568,CON-002568,37,106,Active,Lease,Netherlands,North Holland,180,5.38,28139.16,13-09-2023
2569,CON-002569,18,614,Active,Standard Loan,Germany,Bavaria,240,3.69,32925.37,13-09-2024
2570,CON-002570,24,798,Active,Lease,Germany,Bavaria,120,5.79,12784.12,27-08-2023
2571,CON-002571,24,127,Cancelled,Lease,Germany,Bavaria,120,5.66,30976.81,02-03-2024
2572,CON-002572,16,382,Defaulted,Standard Loan,Germany,Berlin,120,6.56,21721.58,28-05-2023
2573,CON-002573,36,634,In Arrears,Standard Loan,Austria,Styria,84,7.05,11070.22,14-06-2024
2574,CON-002574,45,1432,Active,Standard Loan,Germany,North Rhine-Westphalia,120,6.62,42856.21,17-09-2022
2575,CON-002575,43,797,Active,Subscription,Netherlands,North Brabant,180,3.81,24765.85,05-08-2022
2576,CON-002576,9,1370,Active,Standard Loan,Germany,Berlin,180,3.98,10482.74,31-12-2023
2577,CON-002577,16,791,Completed,Standard Loan,Germany,Berlin,120,4.98,13510.7,30-10-2023
2578,CON-002578,42,212,Active,Lease,Germany,North Rhine-Westphalia,120,6.61,17696.85,15-01-2024
2579,CON-002579,41,475,Active,Standard Loan,Germany,Lower Saxony,84,7.14,33278.47,26-12-2022
2580,CON-002580,9,254,In Arrears,Standard Loan,Germany,Berlin,60,7.01,29561.73,11-09-2023
2581,CON-002581,15,1514,Active,Lease,Germany,Berlin,120,3.95,37497.03,17-01-2023
2582,CON-002582,3,121,Defaulted,Standard Loan,Germany,North Rhine-Westphalia,120,6.36,29570.8,16-01-2023
2583,CON-002583,42,771,Active,Standard Loan,Germany,North Rhine-Westphalia,60,7.5,32250.09,24-12-2022
2584,CON-002584,6,1349,Active,Subscription,Netherlands,South Holland,240,7.41,15546.02,24-05-2023
2585,CON-002585,49,1947,Active,Standard Loan,Germany,Hesse,180,5.86,15478.76,13-10-2023
2586,CON-002586,10,1833,Completed,Standard Loan,Germany,Lower Saxony,120,4.43,16851.02,15-02-2024
2587,CON-002587,7,904,In Arrears,Standard Loan,Germany,Bavaria,180,7.91,34186.73,19-04-2023
2588,CON-002588,15,662,Active,Lease,Germany,Berlin,60,6.59,43179.16,21-07-2024
2589,CON-002589,29,827,Active,PPA,Germany,Hesse,180,5.01,21337.15,21-12-2023
2590,CON-002590,6,1878,Active,Standard Loan,Netherlands,South Holland,60,4.27,32815.94,20-10-2024
2591,CON-002591,30,1615,Completed,Standard Loan,Austria,Vienna,60,8.3,16639.67,01-10-2022
2592,CON-002592,4,1177,Completed,Standard Loan,Germany,Hesse,180,8.45,41717.49,14-09-2024
2593,CON-002593,30,1952,Active,Standard Loan,Austria,Vienna,84,6.03,36220.96,27-11-2023
2594,CON-002594,44,1579,Active,PPA,Germany,Hesse,84,4.29,36247.37,21-06-2024
2595,CON-002595,33,397,Active,Standard Loan,Germany,Lower Saxony,60,7.97,25565.72,26-06-2024
2596,CON-002596,37,897,Active,PPA,Netherlands,North Holland,120,7.8,24991.52,16-11-2023
2597,CON-002597,40,1441,Active,Lease,Germany,Bavaria,60,4.48,26406.14,12-12-2023
2598,CON-002598,6,55,In Arrears,Subscription,Netherlands,South Holland,120,7.94,35936.6,21-04-2023
2599,CON-002599,40,43,Completed,Standard Loan,Germany,Bavaria,180,4.53,23707.45,27-11-2023
2600,CON-002600,18,1658,Active,Lease,Germany,Bavaria,240,7.81,43810.38,29-08-2023
2601,CON-002601,43,1591,Active,Standard Loan,Netherlands,North Brabant,84,6.95,10192.81,04-05-2024
2602,CON-002602,42,308,In Arrears,Standard Loan,Germany,North Rhine-Westphalia,120,8.07,18150.89,24-11-2023
2603,CON-002603,13,871,Defaulted,PPA,Germany,North Rhine-Westphalia,180,7.5,23030.17,06-10-2023
2604,CON-002604,16,725,Active,Standard Loan,Germany,Berlin,180,6.26,31052.9,20-12-2023
2605,CON-002605,18,705,Cancelled,PPA,Germany,Bavaria,120,4.43,27410.16,19-11-2024
2606,CON-002606,8,1252,In Arrears,PPA,Germany,Berlin,180,5.28,44960.64,15-07-2023
2607,CON-002607,45,1705,Completed,PPA,Germany,North Rhine-Westphalia,60,4.57,19500.12,10-09-2024
2608,CON-002608,12,1568,Active,Standard Loan,Germany,Berlin,120,5.95,22666.03,16-12-2023
2609,CON-002609,13,969,Active,PPA,Germany,North Rhine-Westphalia,180,5.56,24242.1,19-11-2023
2610,CON-002610,14,556,Active,Standard Loan,Germany,Baden-Württemberg,240,4.83,22537.11,09-07-2023
2611,CON-002611,12,893,Active,Standard Loan,Germany,Berlin,180,6.38,25789.08,06-05-2024
2612,CON-002612,28,124,In Arrears,Standard Loan,Germany,Lower Saxony,84,7.38,17363.27,08-09-2022
2613,CON-002613,30,1573,Active,Standard Loan,Austria,Vienna,84,5.4,10532.35,01-03-2024
2614,CON-002614,6,713,Active,Standard Loan,Netherlands,South Holland,180,7.89,10816.74,27-03-2023
2615,CON-002615,39,190,Cancelled,Standard Loan,Germany,Berlin,120,7.05,17975.7,28-05-2023
2616,CON-002616,21,1647,Completed,Standard Loan,Germany,Lower Saxony,120,4.78,39423.86,21-08-2024
2617,CON-002617,24,917,Active,Subscription,Germany,Bavaria,84,7.89,33036.37,05-03-2023
2618,CON-002618,43,1894,In Arrears,Standard Loan,Netherlands,North Brabant,180,3.64,16542.09,06-05-2023
2619,CON-002619,33,962,Active,Lease,Germany,Lower Saxony,84,7.38,43389.06,28-06-2023
2620,CON-002620,46,1460,Defaulted,Standard Loan,Netherlands,North Holland,60,7.79,43738.5,22-10-2024
2621,CON-002621,42,1095,Active,Lease,Germany,North Rhine-Westphalia,180,7.87,42865.14,21-04-2023
2622,CON-002622,24,1886,Active,Subscription,Germany,Bavaria,84,3.65,34497.03,27-09-2024
2623,CON-002623,20,1739,Completed,Subscription,Austria,Styria,84,7.52,37256.67,21-10-2022
2624,CON-002624,13,103,Completed,Standard Loan,Germany,North Rhine-Westphalia,120,4.86,40249.39,02-12-2024
2625,CON-002625,36,228,Active,Standard Loan,Austria,Styria,240,5.15,32448.36,04-08-2024
2626,CON-002626,10,1827,Active,Standard Loan,Germany,Lower Saxony,120,7.24,23826.63,23-04-2023
2627,CON-002627,6,1335,Active,Standard Loan,Netherlands,South Holland,180,6.99,21087.95,25-06-2024
2628,CON-002628,1,244,Completed,Lease,Germany,Bavaria,240,7.21,44853.81,03-08-2023
2629,CON-002629,24,465,Active,Standard Loan,Germany,Bavaria,120,7.42,33793.35,23-05-2024
2630,CON-002630,17,1925,Active,Standard Loan,Germany,North Rhine-Westphalia,180,6.25,38462.55,30-04-2023
2631,CON-002631,6,1612,In Arrears,Standard Loan,Netherlands,South Holland,60,5.72,25209.56,12-04-2023
2632,CON-002632,36,1264,Active,PPA,Austria,Styria,180,5.74,43225.43,19-10-2024
2633,CON-002633,44,99,Completed,Standard Loan,Germany,Hesse,120,4.91,33857.48,13-01-2024
2634,CON-002634,37,813,In Arrears,PPA,Netherlands,North Holland,120,5.25,13540.81,18-02-2024
2635,CON-002635,30,650,Active,Standard Loan,Austria,Vienna,84,6.17,25459.26,11-07-2023
2636,CON-002636,50,204,Active,Subscription,Austria,Styria,60,4.19,40754.63,18-01-2023
2637,CON-002637,25,651,Completed,PPA,Germany,Hesse,120,4.15,34964.11,05-02-2023
2638,CON-002638,49,1454,Cancelled,Standard Loan,Germany,Hesse,180,7.45,18271.02,07-04-2024
2639,CON-002639,31,1268,Active,Standard Loan,Germany,Berlin,84,5,22849.16,03-01-2024
2640,CON-002640,6,1570,Completed,Standard Loan,Netherlands,South Holland,84,7.29,24926.63,24-07-2024
2641,CON-002641,41,235,Active,Lease,Germany,Lower Saxony,84,7.16,36475.86,13-03-2024
2642,CON-002642,36,890,Active,Standard Loan,Austria,Styria,84,5.99,34699.64,26-11-2024
2643,CON-002643,36,702,Active,Standard Loan,Austria,Styria,120,3.78,28731.75,08-08-2024
2644,CON-002644,9,410,Active,Standard Loan,Germany,Berlin,60,6.75,36523.1,02-05-2023
2645,CON-002645,9,532,Active,Standard Loan,Germany,Berlin,60,5.55,23017.05,14-07-2024
2646,CON-002646,46,1345,Active,Standard Loan,Netherlands,North Holland,240,7.64,31923.73,30-05-2024
2647,CON-002647,40,785,Active,Lease,Germany,Bavaria,240,7.34,8043.06,20-03-2023
2648,CON-002648,39,1024,Cancelled,Standard Loan,Germany,Berlin,180,7.71,8783.47,05-08-2024
2649,CON-002649,29,1522,Active,PPA,Germany,Hesse,120,7.17,42004.81,04-09-2024
2650,CON-002650,31,61,Active,PPA,Germany,Berlin,180,7.47,34133.14,27-03-2024
2651,CON-002651,28,107,Active,Standard Loan,Germany,Lower Saxony,120,6.86,33587.89,27-02-2023
2652,CON-002652,21,935,Active,Standard Loan,Germany,Lower Saxony,120,7.76,37542.4,05-09-2024
2653,CON-002653,18,608,Active,Lease,Germany,Bavaria,120,5.48,33048.32,26-11-2022
2654,CON-002654,9,176,Completed,PPA,Germany,Berlin,120,5.88,20950.92,15-07-2024
2655,CON-002655,11,998,Active,Lease,Germany,Baden-Württemberg,180,3.81,24186.14,30-05-2023
2656,CON-002656,49,547,Active,Standard Loan,Germany,Hesse,180,5.44,43225.3,22-09-2022
2657,CON-002657,47,358,Active,Subscription,Germany,Baden-Württemberg,84,6.56,34482.65,08-09-2023
2658,CON-002658,40,123,Active,Standard Loan,Germany,Bavaria,180,4.64,11202.03,14-12-2022
2659,CON-002659,24,376,Active,Lease,Germany,Bavaria,84,5.21,28645.26,17-02-2024
2660,CON-002660,33,452,Active,Subscription,Germany,Lower Saxony,180,7.9,22779.3,09-02-2024
2661,CON-002661,11,437,Cancelled,Lease,Germany,Baden-Württemberg,84,4.79,13529.6,08-09-2023
2662,CON-002662,9,1113,Completed,Standard Loan,Germany,Berlin,84,4.2,37101.36,08-05-2024
2663,CON-002663,36,485,Active,PPA,Austria,Styria,84,3.68,37966.78,20-09-2024
2664,CON-002664,38,1639,Active,PPA,Netherlands,North Holland,60,6.96,19551.18,11-10-2022
2665,CON-002665,11,237,Active,Lease,Germany,Baden-Württemberg,84,4.67,36181.54,15-10-2023
2666,CON-002666,30,206,Active,Lease,Austria,Vienna,120,5.34,31480.84,05-10-2022
2667,CON-002667,45,164,Active,Lease,Germany,North Rhine-Westphalia,120,4.6,11738.02,15-07-2022
2668,CON-002668,35,380,Active,PPA,Germany,Lower Saxony,120,5.6,32372.83,12-09-2023
2669,CON-002669,36,1667,Completed,Standard Loan,Austria,Styria,180,5.28,19190.71,05-06-2024
2670,CON-002670,21,580,Active,Standard Loan,Germany,Lower Saxony,180,5.82,32742.54,11-11-2024
2671,CON-002671,11,1033,Active,Lease,Germany,Baden-Württemberg,84,8.35,43826.78,20-04-2024
2672,CON-002672,34,190,Active,Lease,Germany,Baden-Württemberg,84,8.46,15895.23,07-11-2024
2673,CON-002673,34,337,Active,Standard Loan,Germany,Baden-Württemberg,240,6.86,39912.81,19-09-2024
2674,CON-002674,12,100,In Arrears,PPA,Germany,Berlin,120,6.41,32945.13,22-10-2024
2675,CON-002675,41,883,Active,Subscription,Germany,Lower Saxony,60,5.16,22656.54,11-11-2024
2676,CON-002676,36,1029,In Arrears,Standard Loan,Austria,Styria,180,5.52,24936.48,06-11-2024
2677,CON-002677,25,684,Active,Standard Loan,Germany,Hesse,120,6.89,23856.8,18-06-2024
2678,CON-002678,38,391,Active,Standard Loan,Netherlands,North Holland,84,4.23,25379,26-07-2023
2679,CON-002679,19,1890,Active,Lease,Germany,Hesse,240,5.71,15618.23,17-02-2023
2680,CON-002680,14,1411,Active,Lease,Germany,Baden-Württemberg,120,4.51,28826.64,05-11-2023
2681,CON-002681,22,408,Active,Lease,Germany,Bavaria,180,4.49,25387.42,24-02-2024
2682,CON-002682,6,688,Active,Subscription,Netherlands,South Holland,240,5.4,21913.6,16-06-2024
2683,CON-002683,19,39,Active,Lease,Germany,Hesse,120,7.1,38592.7,05-09-2024
2684,CON-002684,14,1420,Active,Standard Loan,Germany,Baden-Württemberg,60,6.84,8188.27,02-12-2024
2685,CON-002685,33,1338,Active,Standard Loan,Germany,Lower Saxony,120,7.1,34908.51,23-07-2024
2686,CON-002686,43,1426,Active,Lease,Netherlands,North Brabant,120,7.28,36621.33,22-01-2023
2687,CON-002687,36,1722,In Arrears,PPA,Austria,Styria,120,5.32,42759.47,18-08-2024
2688,CON-002688,42,826,Active,Subscription,Germany,North Rhine-Westphalia,120,5.98,41982.91,03-05-2022
2689,CON-002689,37,290,Active,Standard Loan,Netherlands,North Holland,60,5.25,26161.17,30-09-2023
2690,CON-002690,31,351,Active,PPA,Germany,Berlin,180,6.94,43835.62,22-03-2024
2691,CON-002691,45,1428,Cancelled,Standard Loan,Germany,North Rhine-Westphalia,180,7.06,12838.41,15-09-2024
2692,CON-002692,18,1183,Active,Standard Loan,Germany,Bavaria,120,5.71,37557.36,10-10-2022
2693,CON-002693,6,157,Active,Lease,Netherlands,South Holland,120,8.38,18117.24,29-08-2024
2694,CON-002694,21,194,Active,Standard Loan,Germany,Lower Saxony,120,5.48,35635.54,28-05-2024
2695,CON-002695,28,748,Active,Standard Loan,Germany,Lower Saxony,180,5.45,22551.41,21-01-2024
2696,CON-002696,12,1921,Active,Standard Loan,Germany,Berlin,120,6.14,30009.99,11-01-2024
2697,CON-002697,42,735,In Arrears,Lease,Germany,North Rhine-Westphalia,60,4.68,24719.32,13-05-2023
2698,CON-002698,12,915,Completed,Standard Loan,Germany,Berlin,180,5.41,8025.6,21-07-2024
2699,CON-002699,21,1221,Active,Standard Loan,Germany,Lower Saxony,120,8.07,12533.45,01-10-2024
2700,CON-002700,10,490,Active,Subscription,Germany,Lower Saxony,240,4.69,29258.46,19-09-2022
2701,CON-002701,30,1421,Active,PPA,Austria,Vienna,180,7.01,31623.52,31-07-2023
2702,CON-002702,16,1802,Active,Lease,Germany,Berlin,84,4.58,12847.82,20-02-2024
2703,CON-002703,36,1998,Completed,Standard Loan,Austria,Styria,120,5.08,8011.98,22-03-2024
2704,CON-002704,18,1011,Active,PPA,Germany,Bavaria,180,3.56,44686.17,26-01-2023
2705,CON-002705,42,1696,In Arrears,Subscription,Germany,North Rhine-Westphalia,240,3.96,21866.95,15-07-2022
2706,CON-002706,42,1018,Completed,Standard Loan,Germany,North Rhine-Westphalia,120,6.39,15018.63,23-12-2023
2707,CON-002707,44,635,Cancelled,Standard Loan,Germany,Hesse,60,7.56,37990.7,23-01-2024
2708,CON-002708,23,422,Cancelled,Lease,Germany,North Rhine-Westphalia,60,3.54,8424.32,21-07-2024
2709,CON-002709,11,995,In Arrears,Standard Loan,Germany,Baden-Württemberg,240,8.27,39356.49,08-08-2024
2710,CON-002710,47,1904,Active,PPA,Germany,Baden-Württemberg,120,4.27,29866.69,28-09-2024
2711,CON-002711,15,712,Completed,Standard Loan,Germany,Berlin,60,7.86,39805.38,13-05-2023
2712,CON-002712,4,881,Active,Standard Loan,Germany,Hesse,120,6.88,42618.45,23-04-2023
2713,CON-002713,30,723,Active,Lease,Austria,Vienna,120,6.2,22380.41,06-03-2024
2714,CON-002714,45,1195,Cancelled,Subscription,Germany,North Rhine-Westphalia,180,7.2,34670.15,31-08-2023
2715,CON-002715,33,760,Active,Standard Loan,Germany,Lower Saxony,120,5.95,11452.19,24-04-2023
2716,CON-002716,35,1162,Active,Lease,Germany,Lower Saxony,180,4.16,32722.46,20-09-2023
2717,CON-002717,43,1699,Active,PPA,Netherlands,North Brabant,60,5.12,29597.51,28-09-2022
2718,CON-002718,32,1866,Active,Lease,Germany,Lower Saxony,120,4.25,12255.82,19-05-2022
2719,CON-002719,36,242,Active,Lease,Austria,Styria,180,7.91,34044.03,21-01-2024
2720,CON-002720,21,336,Active,Standard Loan,Germany,Lower Saxony,120,5.22,11294.99,05-07-2024
2721,CON-002721,12,1680,Defaulted,PPA,Germany,Berlin,84,7.43,36711.04,31-10-2024
2722,CON-002722,13,927,Active,Standard Loan,Germany,North Rhine-Westphalia,180,7.88,33954.36,19-04-2024
2723,CON-002723,6,200,Active,Lease,Netherlands,South Holland,180,4.87,28865.15,11-09-2024
2724,CON-002724,19,52,Cancelled,Standard Loan,Germany,Hesse,120,7.56,35387.49,26-06-2022
2725,CON-002725,42,3,Active,Lease,Germany,North Rhine-Westphalia,120,5.49,29982.48,21-07-2023
2726,CON-002726,43,838,Defaulted,Lease,Netherlands,North Brabant,120,4.21,44363.67,22-04-2022
2727,CON-002727,36,9,Cancelled,Standard Loan,Austria,Styria,120,7.8,32070.07,30-05-2024
2728,CON-002728,43,1005,Defaulted,PPA,Netherlands,North Brabant,120,5.77,35851.72,14-12-2023
2729,CON-002729,11,1008,Active,Subscription,Germany,Baden-Württemberg,120,6.12,31310.55,03-11-2023
2730,CON-002730,36,198,Completed,Lease,Austria,Styria,120,8.03,12985.78,20-08-2024
2731,CON-002731,8,1999,Completed,Lease,Germany,Berlin,60,7.29,22317.01,05-09-2023
2732,CON-002732,23,582,Active,Lease,Germany,North Rhine-Westphalia,120,4.14,37892.81,14-01-2024
2733,CON-002733,47,1870,Active,PPA,Germany,Baden-Württemberg,120,3.73,22645.86,20-03-2024
2734,CON-002734,39,220,Active,Lease,Germany,Berlin,60,3.81,21465.15,20-04-2023
2735,CON-002735,9,190,Active,PPA,Germany,Berlin,240,5.2,20638.13,25-05-2023
2736,CON-002736,1,452,Active,Standard Loan,Germany,Bavaria,120,6.6,30207.53,09-10-2024
2737,CON-002737,49,1184,Defaulted,Standard Loan,Germany,Hesse,84,6.63,41603.13,16-07-2024
2738,CON-002738,41,345,Active,Subscription,Germany,Lower Saxony,120,5.36,23307.23,27-02-2023
2739,CON-002739,35,1977,Active,Lease,Germany,Lower Saxony,84,4.13,34559.65,18-10-2023
2740,CON-002740,45,926,Active,PPA,Germany,North Rhine-Westphalia,120,4.79,35534.3,15-02-2024
2741,CON-002741,15,1337,Cancelled,Standard Loan,Germany,Berlin,120,3.65,41423.84,12-03-2023
2742,CON-002742,12,79,Completed,Standard Loan,Germany,Berlin,180,6.68,40410.18,06-12-2023
2743,CON-002743,44,223,Defaulted,Standard Loan,Germany,Hesse,60,4.07,42430.72,12-11-2022
2744,CON-002744,35,761,Active,Lease,Germany,Lower Saxony,60,4.05,8573.23,29-10-2024
2745,CON-002745,21,1962,Completed,Standard Loan,Germany,Lower Saxony,240,5.22,25137.07,02-05-2024
2746,CON-002746,12,1872,Defaulted,PPA,Germany,Berlin,120,8.36,36723.17,16-10-2024
2747,CON-002747,22,492,Completed,Standard Loan,Germany,Bavaria,120,8.25,13317.13,18-02-2023
2748,CON-002748,17,295,In Arrears,Lease,Germany,North Rhine-Westphalia,180,4.51,12319.94,16-07-2022
2749,CON-002749,40,1118,Active,Lease,Germany,Bavaria,60,4.75,20447.15,09-10-2023
2750,CON-002750,10,1661,Cancelled,Lease,Germany,Lower Saxony,60,4.81,22678.27,14-01-2023
2751,CON-002751,29,568,Active,Standard Loan,Germany,Hesse,120,7.03,38628.44,18-04-2024
2752,CON-002752,35,1836,Active,Standard Loan,Germany,Lower Saxony,180,7.61,34520.96,31-07-2023
2753,CON-002753,10,1217,Active,Standard Loan,Germany,Lower Saxony,180,5.48,11525.43,11-09-2024
2754,CON-002754,46,727,Active,Subscription,Netherlands,North Holland,84,6.68,12505.9,11-08-2023
2755,CON-002755,19,778,Active,Standard Loan,Germany,Hesse,120,8.16,21043.51,19-11-2024
2756,CON-002756,42,595,Active,Standard Loan,Germany,North Rhine-Westphalia,180,6.92,21409.71,18-07-2022
2757,CON-002757,32,733,In Arrears,Standard Loan,Germany,Lower Saxony,120,6.58,9054.15,17-12-2023
2758,CON-002758,11,1154,Active,Standard Loan,Germany,Baden-Württemberg,120,6.5,26364.37,03-09-2023
2759,CON-002759,30,249,Cancelled,Lease,Austria,Vienna,180,6.12,11415.85,13-05-2022
2760,CON-002760,4,1384,Active,Standard Loan,Germany,Hesse,84,6.36,13677.52,28-01-2023
2761,CON-002761,23,740,Defaulted,Standard Loan,Germany,North Rhine-Westphalia,84,8.02,29584.75,13-08-2024
2762,CON-002762,9,1060,Active,Standard Loan,Germany,Berlin,120,6.28,42387.02,31-07-2024
2763,CON-002763,11,1261,Active,PPA,Germany,Baden-Württemberg,180,7.89,40481.92,30-11-2023
2764,CON-002764,30,1297,Active,Standard Loan,Austria,Vienna,180,5.98,8235.97,29-06-2023
2765,CON-002765,21,180,Active,Standard Loan,Germany,Lower Saxony,120,3.52,43778.23,07-08-2024
2766,CON-002766,50,138,Active,PPA,Austria,Styria,180,4.4,33435.29,20-10-2022
2767,CON-002767,12,519,Completed,PPA,Germany,Berlin,180,6.19,25788.17,17-07-2024
2768,CON-002768,8,1833,Cancelled,Lease,Germany,Berlin,84,4.53,39468.04,21-10-2024
2769,CON-002769,20,1015,Active,Standard Loan,Austria,Styria,120,6.81,9357.31,26-10-2023
2770,CON-002770,45,1354,Active,Subscription,Germany,North Rhine-Westphalia,60,4.51,32176.98,25-02-2023
2771,CON-002771,29,719,Active,Standard Loan,Germany,Hesse,180,6.31,12161.21,12-07-2024
2772,CON-002772,43,1429,Active,Standard Loan,Netherlands,North Brabant,84,4.81,12379.01,20-06-2022
2773,CON-002773,36,493,Active,Lease,Austria,Styria,60,6.3,34856,25-11-2024
2774,CON-002774,29,1457,Active,PPA,Germany,Hesse,180,6.4,42251.5,22-01-2024
2775,CON-002775,42,131,Completed,Subscription,Germany,North Rhine-Westphalia,240,4.33,31038.6,17-11-2023
2776,CON-002776,11,1405,Active,Standard Loan,Germany,Baden-Württemberg,240,5.47,29319.42,01-08-2023
2777,CON-002777,26,1161,Completed,Standard Loan,Germany,Berlin,84,7.44,23730.38,11-06-2024
2778,CON-002778,14,1736,Active,Lease,Germany,Baden-Württemberg,120,7.37,44847.43,24-10-2023
2779,CON-002779,30,20,Active,PPA,Austria,Vienna,180,7.77,15103.58,20-05-2023
2780,CON-002780,43,299,Active,Lease,Netherlands,North Brabant,60,3.97,11033.91,14-08-2024
2781,CON-002781,1,968,Active,Standard Loan,Germany,Bavaria,84,8.36,26477.48,11-07-2024
2782,CON-002782,50,860,Active,Subscription,Austria,Styria,60,7.13,43178.16,16-09-2022
2783,CON-002783,41,1989,In Arrears,Lease,Germany,Lower Saxony,180,7.02,8686.28,12-07-2023
2784,CON-002784,31,1535,Active,Subscription,Germany,Berlin,84,6.81,8990.17,09-03-2024
2785,CON-002785,21,430,Active,Standard Loan,Germany,Lower Saxony,120,8.39,29609.23,25-08-2024
2786,CON-002786,10,1079,Completed,Lease,Germany,Lower Saxony,120,4.62,14417.69,06-02-2023
2787,CON-002787,23,669,Active,PPA,Germany,North Rhine-Westphalia,240,6.6,25351.98,03-12-2023
2788,CON-002788,20,1517,Active,Standard Loan,Austria,Styria,180,4.28,40428.42,08-11-2023
2789,CON-002789,35,294,Active,PPA,Germany,Lower Saxony,180,4.53,37909.86,07-09-2024
2790,CON-002790,1,592,Active,Lease,Germany,Bavaria,120,5.53,28417.51,13-08-2023
2791,CON-002791,30,1722,Cancelled,Lease,Austria,Vienna,240,6.12,32921.36,08-04-2022
2792,CON-002792,50,1991,Active,Standard Loan,Austria,Styria,180,7.65,18853.69,15-10-2024
2793,CON-002793,43,727,Completed,Lease,Netherlands,North Brabant,120,4.34,15428.29,01-09-2024
2794,CON-002794,45,1014,Active,Lease,Germany,North Rhine-Westphalia,120,7.54,37544.36,27-06-2023
2795,CON-002795,21,1716,Completed,Standard Loan,Germany,Lower Saxony,240,7.22,20908.21,23-06-2024
2796,CON-002796,43,633,Active,PPA,Netherlands,North Brabant,120,3.68,31625.47,12-08-2024
2797,CON-002797,13,623,Active,Standard Loan,Germany,North Rhine-Westphalia,180,6.3,18097.07,03-11-2024
2798,CON-002798,44,1866,Active,PPA,Germany,Hesse,120,3.63,24314.27,04-03-2023
2799,CON-002799,3,1588,Cancelled,Lease,Germany,North Rhine-Westphalia,120,6.16,15352.7,27-02-2022
2800,CON-002800,10,721,Active,Lease,Germany,Lower Saxony,120,5.4,44112.66,15-04-2023
2801,CON-002801,15,1430,Defaulted,Standard Loan,Germany,Berlin,84,4.55,43800.84,25-04-2024
2802,CON-002802,1,961,Active,Standard Loan,Germany,Bavaria,84,8.45,17530.01,14-01-2023
2803,CON-002803,42,499,Active,Standard Loan,Germany,North Rhine-Westphalia,120,4.65,27719.63,01-06-2023
2804,CON-002804,11,1916,Completed,Subscription,Germany,Baden-Württemberg,120,6.74,17859.68,23-02-2024
2805,CON-002805,44,1831,Completed,Lease,Germany,Hesse,84,7.79,13050.15,21-02-2023
2806,CON-002806,25,1593,Completed,Standard Loan,Germany,Hesse,84,3.77,43332.3,22-10-2023
2807,CON-002807,44,572,Active,PPA,Germany,Hesse,120,3.72,37755.18,17-03-2024
2808,CON-002808,18,23,Active,Standard Loan,Germany,Bavaria,120,7.91,25603.73,25-12-2023
2809,CON-002809,12,1195,Active,Standard Loan,Germany,Berlin,60,4.76,40909.52,29-07-2024
2810,CON-002810,48,367,Completed,Lease,Germany,Lower Saxony,180,3.61,37916.79,02-03-2023
2811,CON-002811,10,1689,Active,Standard Loan,Germany,Lower Saxony,120,7.13,39846.54,21-09-2024
2812,CON-002812,25,1025,Active,PPA,Germany,Hesse,180,7,33167.4,04-12-2023
2813,CON-002813,21,703,Active,Lease,Germany,Lower Saxony,120,4.14,26203.42,30-05-2024
2814,CON-002814,32,1143,Active,Standard Loan,Germany,Lower Saxony,180,7,43743.18,26-11-2024
2815,CON-002815,27,267,Cancelled,Standard Loan,Austria,Upper Austria,120,8.4,26103.32,28-05-2024
2816,CON-002816,42,1488,Active,Standard Loan,Germany,North Rhine-Westphalia,120,7.93,38290.79,26-01-2024
2817,CON-002817,49,979,Active,Standard Loan,Germany,Hesse,120,6.73,24330.6,04-07-2024
2818,CON-002818,1,223,Active,Lease,Germany,Bavaria,180,5.81,24015.8,13-10-2024
2819,CON-002819,1,1978,Active,Standard Loan,Germany,Bavaria,180,5.9,27020.69,28-02-2023
2820,CON-002820,44,1261,Completed,Standard Loan,Germany,Hesse,120,7.46,37077.38,28-09-2024
2821,CON-002821,38,948,Cancelled,Subscription,Netherlands,North Holland,180,5.13,31094.47,04-01-2024
2822,CON-002822,45,532,Active,Standard Loan,Germany,North Rhine-Westphalia,120,5.08,35470.07,07-05-2024
2823,CON-002823,35,1119,Active,PPA,Germany,Lower Saxony,120,7.72,38519.41,02-06-2024
2824,CON-002824,7,364,Active,Lease,Germany,Bavaria,180,6.74,41260.52,31-05-2023
2825,CON-002825,21,1760,Active,Subscription,Germany,Lower Saxony,240,5.29,43680.09,03-05-2024
2826,CON-002826,49,577,Completed,PPA,Germany,Hesse,180,4.09,21069.12,18-01-2024
2827,CON-002827,42,1195,Active,Standard Loan,Germany,North Rhine-Westphalia,240,3.63,13400.87,09-11-2022
2828,CON-002828,30,251,Cancelled,Standard Loan,Austria,Vienna,60,4.14,10900.28,08-03-2022
2829,CON-002829,3,1439,Active,PPA,Germany,North Rhine-Westphalia,240,4.13,41616.93,10-04-2024
2830,CON-002830,41,877,Active,Standard Loan,Germany,Lower Saxony,240,3.78,43547.24,29-06-2023
2831,CON-002831,24,1860,Active,Lease,Germany,Bavaria,120,7.62,30200.11,08-02-2024
2832,CON-002832,39,1370,Active,Standard Loan,Germany,Berlin,120,6.9,16757.98,24-06-2024
2833,CON-002833,9,1676,Cancelled,PPA,Germany,Berlin,84,6.08,13109.08,17-10-2024
2834,CON-002834,32,511,Completed,PPA,Germany,Lower Saxony,120,4.42,21406.45,28-06-2022
2835,CON-002835,36,1681,Active,Lease,Austria,Styria,120,4.72,42663.83,20-05-2024
2836,CON-002836,42,187,Active,Standard Loan,Germany,North Rhine-Westphalia,120,6.01,22344.18,14-02-2023
2837,CON-002837,42,1493,Active,Standard Loan,Germany,North Rhine-Westphalia,120,6.43,12259.76,16-09-2023
2838,CON-002838,3,1646,Cancelled,Standard Loan,Germany,North Rhine-Westphalia,120,7.06,9519.63,20-07-2023
2839,CON-002839,47,834,Active,PPA,Germany,Baden-Württemberg,120,5.26,33817.46,27-01-2024
2840,CON-002840,28,1747,Active,PPA,Germany,Lower Saxony,120,7.06,32569.75,28-07-2022
2841,CON-002841,24,1821,Active,Standard Loan,Germany,Bavaria,120,6.37,14657.03,24-06-2024
2842,CON-002842,28,1022,Active,Standard Loan,Germany,Lower Saxony,180,7.56,17187.82,17-03-2023
2843,CON-002843,4,341,Active,Lease,Germany,Hesse,180,6.5,18515.71,21-08-2023
2844,CON-002844,24,374,Active,PPA,Germany,Bavaria,120,4.16,33076.54,25-05-2023
2845,CON-002845,7,1082,Active,Standard Loan,Germany,Bavaria,84,8.01,42414.78,23-06-2024
2846,CON-002846,38,1068,Active,Standard Loan,Netherlands,North Holland,84,4.27,36704.9,22-06-2023
2847,CON-002847,26,116,Active,Standard Loan,Germany,Berlin,240,7.59,43092.12,11-01-2023
2848,CON-002848,46,421,Completed,Standard Loan,Netherlands,North Holland,60,4.91,21487.87,04-01-2023
2849,CON-002849,35,803,Active,Subscription,Germany,Lower Saxony,240,7.51,43454.11,25-05-2024
2850,CON-002850,12,23,Active,PPA,Germany,Berlin,180,7.8,23340.65,25-09-2024
2851,CON-002851,19,812,Cancelled,Standard Loan,Germany,Hesse,180,3.96,26601.46,14-09-2024
2852,CON-002852,25,164,Cancelled,Lease,Germany,Hesse,180,6.3,36340.47,24-01-2023
2853,CON-002853,24,1364,In Arrears,PPA,Germany,Bavaria,120,7.94,36802.15,12-03-2024
2854,CON-002854,36,461,Active,Standard Loan,Austria,Styria,120,8.32,27153.17,23-08-2024
2855,CON-002855,36,1744,Active,Standard Loan,Austria,Styria,120,7.45,28419.11,16-12-2023
2856,CON-002856,11,1056,Active,Lease,Germany,Baden-Württemberg,120,3.66,34202.01,05-03-2024
2857,CON-002857,47,1016,Active,Lease,Germany,Baden-Württemberg,120,4.42,8090.24,17-06-2024
2858,CON-002858,24,1355,Cancelled,Lease,Germany,Bavaria,120,6.57,27543.89,11-04-2023
2859,CON-002859,40,1742,Defaulted,PPA,Germany,Bavaria,120,4.74,40632.9,10-02-2024
2860,CON-002860,38,898,Active,Standard Loan,Netherlands,North Holland,120,3.96,18876.01,20-06-2023
2861,CON-002861,16,714,Active,Lease,Germany,Berlin,180,5.03,39384.42,28-06-2024
2862,CON-002862,11,1873,Active,Lease,Germany,Baden-Württemberg,180,6.5,24061.48,04-07-2023
2863,CON-002863,36,1393,Active,Standard Loan,Austria,Styria,180,5.87,38517.19,12-11-2024
2864,CON-002864,21,1362,In Arrears,Lease,Germany,Lower Saxony,120,8.25,22208.82,25-03-2024
2865,CON-002865,37,1387,Active,Lease,Netherlands,North Holland,120,5.69,19505.24,11-05-2024
2866,CON-002866,1,1997,Active,Lease,Germany,Bavaria,180,6.42,8411.04,27-06-2023
2867,CON-002867,21,1312,In Arrears,PPA,Germany,Lower Saxony,120,6.84,37889.38,25-08-2024
2868,CON-002868,36,1801,Active,PPA,Austria,Styria,120,7.45,16990.75,08-02-2024
2869,CON-002869,8,1871,Active,Lease,Germany,Berlin,84,8.02,16382.59,19-12-2023
2870,CON-002870,14,1698,Cancelled,Lease,Germany,Baden-Württemberg,180,4.52,23305.93,25-01-2024
2871,CON-002871,50,116,Active,Lease,Austria,Styria,120,3.76,17823.33,08-11-2023
2872,CON-002872,46,438,Completed,Standard Loan,Netherlands,North Holland,180,6.76,32645.13,18-02-2024
2873,CON-002873,42,39,In Arrears,Lease,Germany,North Rhine-Westphalia,180,3.77,21044.78,06-11-2023
2874,CON-002874,47,208,Active,Standard Loan,Germany,Baden-Württemberg,180,4.81,17451.59,27-05-2024
2875,CON-002875,22,1018,Active,Standard Loan,Germany,Bavaria,60,5.56,17448.32,08-08-2023
2876,CON-002876,3,1950,Active,Standard Loan,Germany,North Rhine-Westphalia,240,6.05,24393.84,11-08-2022
2877,CON-002877,21,159,Active,Lease,Germany,Lower Saxony,60,6.37,29151.02,24-07-2024
2878,CON-002878,42,1100,Active,Standard Loan,Germany,North Rhine-Westphalia,84,4.62,40527.59,12-01-2024
2879,CON-002879,6,384,Active,Subscription,Netherlands,South Holland,240,7.66,34254.18,04-09-2023
2880,CON-002880,46,393,Completed,Standard Loan,Netherlands,North Holland,84,5.95,29868.62,12-06-2023
2881,CON-002881,11,151,Active,Standard Loan,Germany,Baden-Württemberg,60,8.41,37614.82,01-03-2024
2882,CON-002882,42,477,Cancelled,Lease,Germany,North Rhine-Westphalia,84,6.52,27563.56,17-04-2023
2883,CON-002883,43,1078,Active,Standard Loan,Netherlands,North Brabant,180,5.31,30148.13,10-07-2024
2884,CON-002884,2,1854,Active,Subscription,Germany,Berlin,180,3.98,12183.38,15-11-2023
2885,CON-002885,42,513,Active,Standard Loan,Germany,North Rhine-Westphalia,180,6.64,25727.99,29-11-2024
2886,CON-002886,3,761,Active,Standard Loan,Germany,North Rhine-Westphalia,180,8.39,12023.19,23-12-2022
2887,CON-002887,18,365,In Arrears,Standard Loan,Germany,Bavaria,120,4.91,24539.42,01-11-2024
2888,CON-002888,15,1307,Active,Standard Loan,Germany,Berlin,120,4.74,11218.58,04-05-2023
2889,CON-002889,3,364,Active,Standard Loan,Germany,North Rhine-Westphalia,60,5.57,21164.71,15-05-2024
2890,CON-002890,24,1546,Active,Standard Loan,Germany,Bavaria,120,8.2,41087.15,09-07-2023
2891,CON-002891,45,1812,Active,Lease,Germany,North Rhine-Westphalia,120,5.07,8285.5,27-11-2022
2892,CON-002892,43,326,Active,Subscription,Netherlands,North Brabant,120,3.71,29424.75,02-06-2023
2893,CON-002893,41,1370,Completed,Lease,Germany,Lower Saxony,180,3.96,22173.65,22-01-2023
2894,CON-002894,42,754,Completed,Subscription,Germany,North Rhine-Westphalia,180,4.44,37728.13,18-04-2023
2895,CON-002895,1,725,In Arrears,PPA,Germany,Bavaria,120,7.17,33931.93,11-03-2023
2896,CON-002896,22,255,Active,Standard Loan,Germany,Bavaria,180,6.41,14968.78,13-06-2022
2897,CON-002897,9,1863,Active,Lease,Germany,Berlin,120,7.25,37012.49,22-10-2024
2898,CON-002898,38,1521,Active,Lease,Netherlands,North Holland,180,5.02,39679.18,11-01-2023
2899,CON-002899,30,1729,Active,Standard Loan,Austria,Vienna,60,6.53,15043.37,21-01-2023
2900,CON-002900,49,1186,Active,Lease,Germany,Hesse,60,5.91,36573.1,15-01-2023
2901,CON-002901,4,470,Active,Standard Loan,Germany,Hesse,180,4.1,36529.55,23-03-2024
2902,CON-002902,35,1861,Defaulted,Standard Loan,Germany,Lower Saxony,60,8.33,17973.52,03-09-2024
2903,CON-002903,37,1832,Active,Standard Loan,Netherlands,North Holland,180,8.1,31220.69,27-01-2024
2904,CON-002904,43,1626,Active,Standard Loan,Netherlands,North Brabant,120,5.77,30389.81,05-04-2023
2905,CON-002905,6,1872,Completed,Standard Loan,Netherlands,South Holland,240,7.37,16842.25,24-10-2023
2906,CON-002906,4,529,Active,Lease,Germany,Hesse,180,6.45,36654.72,23-09-2023
2907,CON-002907,13,187,Active,Standard Loan,Germany,North Rhine-Westphalia,120,8.48,21904.34,11-07-2024
2908,CON-002908,33,1205,Active,Subscription,Germany,Lower Saxony,60,5.25,34542.89,12-12-2023
2909,CON-002909,44,1429,Active,PPA,Germany,Hesse,120,4.51,39114.66,09-07-2024
2910,CON-002910,50,376,Active,PPA,Austria,Styria,120,5.46,40165.89,25-06-2022
2911,CON-002911,18,1024,Active,Standard Loan,Germany,Bavaria,84,4.05,32480.61,20-07-2024
2912,CON-002912,8,1124,In Arrears,Standard Loan,Germany,Berlin,180,7.44,38306.05,11-05-2024
2913,CON-002913,43,521,Active,PPA,Netherlands,North Brabant,60,6.53,42753.76,10-07-2022
2914,CON-002914,32,580,Active,PPA,Germany,Lower Saxony,180,3.52,28562.64,30-12-2022
2915,CON-002915,50,1109,Completed,Lease,Austria,Styria,180,6.14,20754.85,08-08-2023
2916,CON-002916,36,594,Active,Standard Loan,Austria,Styria,180,7.42,11131.19,06-08-2024
2917,CON-002917,37,1163,Completed,Lease,Netherlands,North Holland,84,5.18,31956.74,22-09-2023
2918,CON-002918,21,753,Active,Lease,Germany,Lower Saxony,120,6.68,43584.94,17-10-2024
2919,CON-002919,7,925,In Arrears,Standard Loan,Germany,Bavaria,84,5.27,38190.32,21-04-2023
2920,CON-002920,13,380,Active,PPA,Germany,North Rhine-Westphalia,240,6.81,37491.98,02-10-2024
2921,CON-002921,34,1689,Completed,Lease,Germany,Baden-Württemberg,120,4.03,25278.1,17-04-2022
2922,CON-002922,35,1613,Active,Standard Loan,Germany,Lower Saxony,84,4.15,12181.21,23-11-2024
2923,CON-002923,49,1205,Active,Lease,Germany,Hesse,84,7.82,30726.09,28-01-2024
2924,CON-002924,18,961,Active,PPA,Germany,Bavaria,120,5.36,30363.19,19-02-2023
2925,CON-002925,10,909,Active,Standard Loan,Germany,Lower Saxony,180,6.56,10278.53,10-09-2022
2926,CON-002926,35,889,Active,Lease,Germany,Lower Saxony,180,4.06,11294.73,12-06-2024
2927,CON-002927,10,1430,Active,Lease,Germany,Lower Saxony,60,6.64,17076.68,29-06-2024
2928,CON-002928,3,1627,Active,Standard Loan,Germany,North Rhine-Westphalia,120,7.19,36968.31,11-11-2022
2929,CON-002929,43,1134,Completed,Subscription,Netherlands,North Brabant,84,4.18,32994.86,16-02-2024
2930,CON-002930,13,1266,Active,Lease,Germany,North Rhine-Westphalia,84,4.29,29862.94,24-06-2023
2931,CON-002931,7,335,Active,Standard Loan,Germany,Bavaria,180,4.19,16178.05,19-04-2023
2932,CON-002932,23,770,Completed,Standard Loan,Germany,North Rhine-Westphalia,180,6.34,18245.41,13-03-2023
2933,CON-002933,40,434,Active,PPA,Germany,Bavaria,120,5.91,32426.17,23-09-2023
2934,CON-002934,30,663,Active,Standard Loan,Austria,Vienna,60,4.13,19146.92,28-09-2022
2935,CON-002935,19,422,In Arrears,Standard Loan,Germany,Hesse,60,6.95,26313.29,27-05-2024
2936,CON-002936,49,215,Active,Standard Loan,Germany,Hesse,120,3.67,37127.05,09-02-2024
2937,CON-002937,35,1001,Active,PPA,Germany,Lower Saxony,180,4.78,15380.29,25-11-2023
2938,CON-002938,42,316,Active,Standard Loan,Germany,North Rhine-Westphalia,120,5.08,8613.19,13-07-2024
2939,CON-002939,41,220,In Arrears,Standard Loan,Germany,Lower Saxony,120,4.03,37076.43,04-08-2023
2940,CON-002940,43,359,Completed,Standard Loan,Netherlands,North Brabant,120,6.61,20905.88,09-11-2023
2941,CON-002941,47,1071,Active,Lease,Germany,Baden-Württemberg,180,6.02,40459.78,13-07-2024
2942,CON-002942,47,1466,Active,Subscription,Germany,Baden-Württemberg,240,7.31,39918.41,30-08-2023
2943,CON-002943,18,1350,Active,PPA,Germany,Bavaria,120,6.67,11727.58,05-10-2024
2944,CON-002944,16,91,Cancelled,Lease,Germany,Berlin,180,7.85,38973.3,07-08-2022
2945,CON-002945,21,342,Defaulted,Subscription,Germany,Lower Saxony,240,4.92,44598.28,29-07-2024
2946,CON-002946,42,1715,Defaulted,Lease,Germany,North Rhine-Westphalia,180,6.61,33743.36,22-12-2022
2947,CON-002947,1,1874,Active,Standard Loan,Germany,Bavaria,180,4.73,18918.84,29-08-2022
2948,CON-002948,4,47,Active,Lease,Germany,Hesse,240,7.67,17589.96,17-06-2024
2949,CON-002949,4,578,In Arrears,Lease,Germany,Hesse,240,6.13,44455.45,30-05-2023
2950,CON-002950,41,1438,Active,Standard Loan,Germany,Lower Saxony,120,3.87,31399.05,11-05-2023
2951,CON-002951,9,1252,In Arrears,Standard Loan,Germany,Berlin,120,5.5,22169.88,12-03-2023
2952,CON-002952,13,1305,Active,Lease,Germany,North Rhine-Westphalia,180,8.04,17983.07,22-08-2024
2953,CON-002953,23,1449,Completed,Standard Loan,Germany,North Rhine-Westphalia,84,5.2,42793.82,17-03-2023
2954,CON-002954,46,1134,Active,Lease,Netherlands,North Holland,120,5.7,30667.1,08-10-2023
2955,CON-002955,30,1908,Active,Lease,Austria,Vienna,120,7.19,19248.66,22-02-2024
2956,CON-002956,7,64,Active,Standard Loan,Germany,Bavaria,120,6.35,41688.07,28-08-2024
2957,CON-002957,7,1654,Cancelled,Lease,Germany,Bavaria,84,6.07,21387.23,26-01-2023
2958,CON-002958,31,823,Completed,PPA,Germany,Berlin,120,4.27,41513.3,24-04-2023
2959,CON-002959,3,1260,Active,Lease,Germany,North Rhine-Westphalia,84,6.6,26725.28,11-05-2022
2960,CON-002960,27,647,Active,PPA,Austria,Upper Austria,120,6.62,28119.09,23-07-2023
2961,CON-002961,7,1210,Active,Subscription,Germany,Bavaria,180,5.13,30446.83,12-02-2024
2962,CON-002962,37,1524,Active,PPA,Netherlands,North Holland,84,4.25,12206.13,27-04-2024
2963,CON-002963,6,1814,Completed,Lease,Netherlands,South Holland,180,4.59,21294.25,12-01-2024
2964,CON-002964,9,1371,In Arrears,Standard Loan,Germany,Berlin,84,4.75,34464.82,15-09-2023
2965,CON-002965,45,1833,Active,Standard Loan,Germany,North Rhine-Westphalia,120,8.21,25634.7,17-03-2023
2966,CON-002966,41,272,Defaulted,Standard Loan,Germany,Lower Saxony,120,8.19,43798.43,20-03-2023
2967,CON-002967,30,672,Completed,Lease,Austria,Vienna,180,5.87,9096.6,13-04-2022
2968,CON-002968,38,273,Active,PPA,Netherlands,North Holland,240,6.8,35797.89,28-05-2024
2969,CON-002969,37,1957,Completed,Standard Loan,Netherlands,North Holland,60,6.2,40430.97,16-04-2024
2970,CON-002970,8,931,In Arrears,Standard Loan,Germany,Berlin,120,7.47,39185,30-05-2024
2971,CON-002971,12,1546,Completed,Lease,Germany,Berlin,180,3.59,32908.93,01-06-2024
2972,CON-002972,44,868,Active,Standard Loan,Germany,Hesse,120,5.81,44061.16,08-11-2022
2973,CON-002973,45,194,Active,Standard Loan,Germany,North Rhine-Westphalia,180,6.16,32823.74,10-10-2024
2974,CON-002974,43,813,Active,Standard Loan,Netherlands,North Brabant,180,7.07,29494.41,12-11-2024
2975,CON-002975,30,1436,Active,Subscription,Austria,Vienna,84,8.14,29332.65,19-09-2023
2976,CON-002976,35,1175,Active,Standard Loan,Germany,Lower Saxony,120,5.63,8789.64,31-08-2024
2977,CON-002977,10,140,In Arrears,Lease,Germany,Lower Saxony,240,5.78,32066.23,31-07-2023
2978,CON-002978,31,396,Active,Lease,Germany,Berlin,180,6.91,29947.32,24-01-2023
2979,CON-002979,18,578,In Arrears,Standard Loan,Germany,Bavaria,180,5.23,38158.54,03-11-2023
2980,CON-002980,26,1327,Active,Lease,Germany,Berlin,120,7.37,19008.72,01-06-2024
2981,CON-002981,34,1102,Active,PPA,Germany,Baden-Württemberg,180,5.78,26669.04,17-09-2022
2982,CON-002982,12,499,Completed,Lease,Germany,Berlin,240,5.29,30602.83,16-04-2024
2983,CON-002983,38,1995,Active,PPA,Netherlands,North Holland,84,5.35,20314,09-02-2023
2984,CON-002984,42,1466,Active,Lease,Germany,North Rhine-Westphalia,120,3.84,18883.37,09-05-2024
2985,CON-002985,7,202,Active,PPA,Germany,Bavaria,60,5.55,19419.03,10-02-2023
2986,CON-002986,47,1943,Active,Standard Loan,Germany,Baden-Württemberg,180,3.55,39579.58,22-01-2024
2987,CON-002987,26,1481,Active,PPA,Germany,Berlin,84,4.8,23532.94,02-04-2023
2988,CON-002988,42,891,Active,Standard Loan,Germany,North Rhine-Westphalia,240,4.49,43366.23,20-05-2022
2989,CON-002989,42,1353,Active,Lease,Germany,North Rhine-Westphalia,60,3.82,37320.72,20-09-2023
2990,CON-002990,38,106,Active,PPA,Netherlands,North Holland,240,5.04,24395.45,14-08-2023
2991,CON-002991,49,219,Completed,Standard Loan,Germany,Hesse,84,7.25,43075.66,26-11-2024
2992,CON-002992,42,463,Defaulted,Subscription,Germany,North Rhine-Westphalia,180,8.27,16828.4,17-02-2023
2993,CON-002993,27,1470,Active,Standard Loan,Austria,Upper Austria,60,5.66,36373.38,19-02-2023
2994,CON-002994,42,309,Active,Lease,Germany,North Rhine-Westphalia,240,3.98,37643.16,21-07-2024
2995,CON-002995,21,1363,Active,Standard Loan,Germany,Lower Saxony,240,4.14,26529.59,28-02-2024
2996,CON-002996,6,1464,Active,Lease,Netherlands,South Holland,120,5.61,23710.64,07-08-2024
2997,CON-002997,35,986,Cancelled,Standard Loan,Germany,Lower Saxony,120,6.53,25695.15,23-07-2023
2998,CON-002998,36,867,Active,Standard Loan,Austria,Styria,84,5.06,26336.3,20-04-2024
2999,CON-002999,6,1626,Active,Standard Loan,Netherlands,South Holland,180,7.52,18886.47,02-05-2023
3000,CON-003000,35,1556,Active,Standard Loan,Germany,Lower Saxony,84,5.33,43521.59,20-09-2023
